source,target,votes
AL,UA,6
AM,UA,10
AU,UA,8
AT,UA,10
AZ,UA,10
BY,UA,10
BE,UA,2
BA,UA,7
BG,UA,10
HR,UA,10
CY,UA,7
CZ,UA,12
DK,UA,3
EE,UA,8
FI,UA,12
FR,UA,10
GE,UA,10
DE,UA,6
GR,UA,6
HU,UA,12
IS,UA,0
IE,UA,4
IL,UA,8
IT,UA,12
LV,UA,10
LT,UA,10
MT,UA,4
MD,UA,10
ME,UA,8
NL,UA,7
MK,UA,6
NO,UA,4
PL,UA,12
RU,UA,10
SM,UA,12
RS,UA,7
SI,UA,7
ES,UA,7
SE,UA,7
CH,UA,4
GB,UA,5
AL,AU,12
AM,AU,0
AT,AU,3
AZ,AU,2
BY,AU,1
BE,AU,4
BA,AU,3
BG,AU,5
HR,AU,5
CY,AU,5
CZ,AU,1
DK,AU,10
EE,AU,4
FI,AU,7
FR,AU,0
GE,AU,1
DE,AU,5
GR,AU,5
HU,AU,3
IS,AU,8
IE,AU,6
IL,AU,5
IT,AU,0
LV,AU,6
LT,AU,5
MT,AU,12
MD,AU,5
ME,AU,0
NL,AU,5
MK,AU,3
NO,AU,8
PL,AU,7
RU,AU,4
SM,AU,5
RS,AU,6
SI,AU,3
ES,AU,4
SE,AU,12
CH,AU,1
UA,AU,4
GB,AU,6
AL,RU,7
AM,RU,12
AU,RU,5
AT,RU,8
AZ,RU,12
BY,RU,12
BE,RU,6
BA,RU,6
BG,RU,12
HR,RU,8
CY,RU,10
CZ,RU,10
DK,RU,4
EE,RU,12
FI,RU,8
FR,RU,6
GE,RU,8
DE,RU,12
GR,RU,10
HU,RU,10
IS,RU,7
IE,RU,8
IL,RU,10
IT,RU,8
LV,RU,12
LT,RU,8
MT,RU,10
MD,RU,12
ME,RU,10
NL,RU,3
MK,RU,8
NO,RU,6
PL,RU,8
SM,RU,10
RS,RU,12
SI,RU,10
ES,RU,8
SE,RU,8
CH,RU,6
UA,RU,12
GB,RU,7
AL,BG,8
AM,BG,0
AU,BG,10
AT,BG,5
AZ,BG,8
BY,BG,4
BE,BG,5
BA,BG,2
HR,BG,1
CY,BG,12
CZ,BG,5
DK,BG,0
EE,BG,0
FI,BG,4
FR,BG,5
GE,BG,3
DE,BG,4
GR,BG,7
HU,BG,4
IS,BG,0
IE,BG,5
IL,BG,7
IT,BG,7
LV,BG,1
LT,BG,0
MT,BG,8
MD,BG,2
ME,BG,5
NL,BG,1
MK,BG,10
NO,BG,5
PL,BG,3
RU,BG,0
SM,BG,3
RS,BG,8
SI,BG,2
ES,BG,12
SE,BG,4
CH,BG,0
UA,BG,2
GB,BG,8
AL,SE,3
AM,SE,2
AU,SE,0
AT,SE,7
AZ,SE,0
BY,SE,2
BE,SE,1
BA,SE,0
BG,SE,3
HR,SE,7
CY,SE,1
CZ,SE,2
DK,SE,12
EE,SE,10
FI,SE,10
FR,SE,2
GE,SE,0
DE,SE,8
GR,SE,0
HU,SE,7
IS,SE,12
IE,SE,2
IL,SE,0
IT,SE,0
LV,SE,7
LT,SE,7
MT,SE,0
MD,SE,0
ME,SE,0
NL,SE,2
MK,SE,0
NO,SE,7
PL,SE,10
RU,SE,2
SM,SE,4
RS,SE,1
SI,SE,5
ES,SE,1
CH,SE,0
UA,SE,1
GB,SE,1
AL,FR,0
AM,FR,7
AU,FR,7
AT,FR,1
AZ,FR,4
BY,FR,0
BE,FR,8
BA,FR,4
BG,FR,0
HR,FR,2
CY,FR,6
CZ,FR,0
DK,FR,2
EE,FR,2
FI,FR,3
GE,FR,0
DE,FR,0
GR,FR,4
HU,FR,1
IS,FR,5
IE,FR,0
IL,FR,12
IT,FR,5
LV,FR,0
LT,FR,3
MT,FR,2
MD,FR,6
ME,FR,1
NL,FR,4
MK,FR,0
NO,FR,1
PL,FR,0
RU,FR,3
SM,FR,0
RS,FR,0
SI,FR,0
ES,FR,10
SE,FR,3
CH,FR,3
UA,FR,0
GB,FR,0
AL,AM,2
AU,AM,0
AT,AM,0
AZ,AM,0
BY,AM,7
BE,AM,7
BA,AM,0
BG,AM,8
HR,AM,0
CY,AM,8
CZ,AM,8
DK,AM,0
EE,AM,0
FI,AM,0
FR,AM,12
GE,AM,12
DE,AM,2
GR,AM,8
HU,AM,0
IS,AM,0
IE,AM,0
IL,AM,6
IT,AM,1
LV,AM,0
LT,AM,0
MT,AM,0
MD,AM,7
ME,AM,0
NL,AM,8
MK,AM,7
NO,AM,0
PL,AM,2
RU,AM,12
SM,AM,2
RS,AM,2
SI,AM,0
ES,AM,6
SE,AM,0
CH,AM,0
UA,AM,7
GB,AM,0
AL,PL,5
AM,PL,1
AU,PL,0
AT,PL,12
AZ,PL,3
BY,PL,6
BE,PL,12
BA,PL,0
BG,PL,6
HR,PL,4
CY,PL,2
CZ,PL,7
DK,PL,5
EE,PL,1
FI,PL,5
FR,PL,7
GE,PL,4
DE,PL,10
GR,PL,3
HU,PL,8
IS,PL,10
IE,PL,10
IL,PL,4
IT,PL,10
LV,PL,5
LT,PL,6
MT,PL,0
MD,PL,0
ME,PL,0
NL,PL,10
MK,PL,2
NO,PL,10
RU,PL,5
SM,PL,7
RS,PL,0
SI,PL,4
ES,PL,5
SE,PL,10
CH,PL,5
UA,PL,8
GB,PL,10
AL,LT,4
AM,LT,0
AU,LT,1
AT,LT,0
AZ,LT,0
BY,LT,0
BE,LT,0
BA,LT,0
BG,LT,0
HR,LT,0
CY,LT,3
CZ,LT,0
DK,LT,6
EE,LT,5
FI,LT,0
FR,LT,0
GE,LT,5
DE,LT,0
GR,LT,0
HU,LT,0
IS,LT,4
IE,LT,12
IL,LT,0
IT,LT,2
LV,LT,8
MT,LT,0
MD,LT,3
ME,LT,2
NL,LT,0
MK,LT,0
NO,LT,12
PL,LT,0
RU,LT,0
SM,LT,8
RS,LT,0
SI,LT,0
ES,LT,0
SE,LT,6
CH,LT,0
UA,LT,3
GB,LT,12
AL,BE,0
AM,BE,0
AU,BE,12
AT,BE,0
AZ,BE,0
BY,BE,0
BA,BE,0
BG,BE,0
HR,BE,0
CY,BE,0
CZ,BE,0
DK,BE,8
EE,BE,0
FI,BE,0
FR,BE,4
GE,BE,0
DE,BE,0
GR,BE,0
HU,BE,0
IS,BE,3
IE,BE,0
IL,BE,1
IT,BE,0
LV,BE,0
LT,BE,0
MT,BE,0
MD,BE,0
ME,BE,0
NL,BE,12
MK,BE,4
NO,BE,2
PL,BE,0
RU,BE,0
SM,BE,0
RS,BE,5
SI,BE,0
ES,BE,0
SE,BE,0
CH,BE,0
UA,BE,0
GB,BE,0
AL,NL,0
AM,NL,0
AU,NL,0
AT,NL,6
AZ,NL,0
BY,NL,0
BE,NL,10
BA,NL,0
BG,NL,0
HR,NL,0
CY,NL,0
CZ,NL,0
DK,NL,7
EE,NL,0
FI,NL,0
FR,NL,0
GE,NL,0
DE,NL,3
GR,NL,0
HU,NL,2
IS,NL,6
IE,NL,0
IL,NL,0
IT,NL,0
LV,NL,0
LT,NL,0
MT,NL,3
MD,NL,0
ME,NL,0
MK,NL,0
NO,NL,0
PL,NL,0
RU,NL,0
SM,NL,0
RS,NL,0
SI,NL,0
ES,NL,0
SE,NL,2
CH,NL,0
UA,NL,0
GB,NL,0
AL,MT,0
AM,MT,5
AU,MT,6
AT,MT,0
AZ,MT,5
BY,MT,0
BE,MT,0
BA,MT,0
BG,MT,0
HR,MT,0
CY,MT,0
CZ,MT,0
DK,MT,0
EE,MT,0
FI,MT,0
FR,MT,0
GE,MT,0
DE,MT,0
GR,MT,0
HU,MT,0
IS,MT,0
IE,MT,0
IL,MT,0
IT,MT,0
LV,MT,0
LT,MT,0
MD,MT,0
ME,MT,0
NL,MT,0
MK,MT,0
NO,MT,0
PL,MT,0
RU,MT,0
SM,MT,0
RS,MT,0
SI,MT,0
ES,MT,0
SE,MT,0
CH,MT,0
UA,MT,0
GB,MT,0
AL,AT,0
AM,AT,4
AU,AT,3
AZ,AT,0
BY,AT,0
BE,AT,3
BA,AT,5
BG,AT,4
HR,AT,6
CY,AT,0
CZ,AT,4
DK,AT,1
EE,AT,6
FI,AT,6
FR,AT,8
GE,AT,0
DE,AT,7
GR,AT,1
HU,AT,6
IS,AT,2
IE,AT,1
IL,AT,3
IT,AT,0
LV,AT,4
LT,AT,1
MT,AT,0
MD,AT,4
ME,AT,0
NL,AT,6
MK,AT,0
NO,AT,0
PL,AT,4
RU,AT,8
SM,AT,0
RS,AT,0
SI,AT,6
ES,AT,2
SE,AT,5
CH,AT,10
UA,AT,0
GB,AT,0
AL,IL,0
AM,IL,0
AU,IL,0
AT,IL,0
AZ,IL,6
BY,IL,0
BE,IL,0
BA,IL,0
BG,IL,2
HR,IL,0
CY,IL,0
CZ,IL,0
DK,IL,0
EE,IL,0
FI,IL,0
FR,IL,3
GE,IL,0
DE,IL,0
GR,IL,0
HU,IL,0
IS,IL,0
IE,IL,0
IT,IL,0
LV,IL,0
LT,IL,0
MT,IL,0
MD,IL,0
ME,IL,0
NL,IL,0
MK,IL,0
NO,IL,0
PL,IL,0
RU,IL,0
SM,IL,0
RS,IL,0
SI,IL,0
ES,IL,0
SE,IL,0
CH,IL,0
UA,IL,0
GB,IL,0
AL,LV,0
AM,LV,0
AU,LV,0
AT,LV,0
AZ,LV,0
BY,LV,5
BE,LV,0
BA,LV,0
BG,LV,0
HR,LV,0
CY,LV,0
CZ,LV,0
DK,LV,0
EE,LV,7
FI,LV,2
FR,LV,0
GE,LV,6
DE,LV,0
GR,LV,0
HU,LV,0
IS,LV,0
IE,LV,7
IL,LV,0
IT,LV,0
LT,LV,12
MT,LV,0
MD,LV,1
ME,LV,0
NL,LV,0
MK,LV,0
NO,LV,3
PL,LV,5
RU,LV,1
SM,LV,6
RS,LV,0
SI,LV,0
ES,LV,0
SE,LV,0
CH,LV,0
UA,LV,5
GB,LV,3
AL,IT,10
AM,IT,0
AU,IT,0
AT,IT,0
AZ,IT,0
BY,IT,0
BE,IT,0
BA,IT,0
BG,IT,0
HR,IT,0
CY,IT,0
CZ,IT,0
DK,IT,0
EE,IT,0
FI,IT,0
FR,IT,0
GE,IT,0
DE,IT,1
GR,IT,0
HU,IT,0
IS,IT,0
IE,IT,0
IL,IT,0
LV,IT,0
LT,IT,0
MT,IT,7
MD,IT,0
ME,IT,4
NL,IT,0
MK,IT,1
NO,IT,0
PL,IT,0
RU,IT,0
SM,IT,0
RS,IT,0
SI,IT,1
ES,IT,3
SE,IT,0
CH,IT,7
UA,IT,0
GB,IT,0
AL,AZ,0
AM,AZ,0
AU,AZ,0
AT,AZ,0
BY,AZ,8
BE,AZ,0
BA,AZ,8
BG,AZ,1
HR,AZ,0
CY,AZ,0
CZ,AZ,6
DK,AZ,0
EE,AZ,0
FI,AZ,0
FR,AZ,0
GE,AZ,7
DE,AZ,0
GR,AZ,0
HU,AZ,0
IS,AZ,1
IE,AZ,0
IL,AZ,2
IT,AZ,0
LV,AZ,3
LT,AZ,0
MT,AZ,6
MD,AZ,8
ME,AZ,7
NL,AZ,0
MK,AZ,0
NO,AZ,0
PL,AZ,0
RU,AZ,6
SM,AZ,0
RS,AZ,0
SI,AZ,0
ES,AZ,0
SE,AZ,0
CH,AZ,0
UA,AZ,10
GB,AZ,0
AL,RS,0
AM,RS,0
AU,RS,0
AT,RS,4
AZ,RS,0
BY,RS,0
BE,RS,0
BA,RS,12
BG,RS,0
HR,RS,12
CY,RS,0
CZ,RS,0
DK,RS,0
EE,RS,0
FI,RS,0
FR,RS,0
GE,RS,0
DE,RS,0
GR,RS,0
HU,RS,0
IS,RS,0
IE,RS,0
IL,RS,0
IT,RS,4
LV,RS,0
LT,RS,0
MT,RS,0
MD,RS,0
ME,RS,12
NL,RS,0
MK,RS,12
NO,RS,0
PL,RS,0
RU,RS,0
SM,RS,0
SI,RS,12
ES,RS,0
SE,RS,0
CH,RS,12
UA,RS,0
GB,RS,0
AL,HU,1
AM,HU,3
AU,HU,0
AT,HU,0
AZ,HU,7
BY,HU,3
BE,HU,0
BA,HU,1
BG,HU,0
HR,HU,3
CY,HU,4
CZ,HU,3
DK,HU,0
EE,HU,0
FI,HU,0
FR,HU,0
GE,HU,2
DE,HU,0
GR,HU,2
IS,HU,0
IE,HU,0
IL,HU,0
IT,HU,0
LV,HU,0
LT,HU,2
MT,HU,5
MD,HU,0
ME,HU,3
NL,HU,0
MK,HU,0
NO,HU,0
PL,HU,6
RU,HU,0
SM,HU,1
RS,HU,10
SI,HU,0
ES,HU,0
SE,HU,0
CH,HU,0
UA,HU,0
GB,HU,0
AL,GE,0
AM,GE,8
AU,GE,0
AT,GE,0
AZ,GE,1
BY,GE,0
BE,GE,0
BA,GE,0
BG,GE,0
HR,GE,0
CY,GE,0
CZ,GE,0
DK,GE,0
EE,GE,0
FI,GE,0
FR,GE,0
DE,GE,0
GR,GE,0
HU,GE,0
IS,GE,0
IE,GE,0
IL,GE,0
IT,GE,3
LV,GE,2
LT,GE,4
MT,GE,0
MD,GE,0
ME,GE,0
NL,GE,0
MK,GE,0
NO,GE,0
PL,GE,0
RU,GE,0
SM,GE,0
RS,GE,0
SI,GE,0
ES,GE,0
SE,GE,0
CH,GE,0
UA,GE,6
GB,GE,0
AL,CY,0
AM,CY,6
AU,CY,0
AT,CY,0
AZ,CY,0
BY,CY,0
BE,CY,0
BA,CY,0
BG,CY,7
HR,CY,0
CZ,CY,0
DK,CY,0
EE,CY,3
FI,CY,1
FR,CY,0
GE,CY,0
DE,CY,0
GR,CY,12
HU,CY,5
IS,CY,0
IE,CY,0
IL,CY,0
IT,CY,6
LV,CY,0
LT,CY,0
MT,CY,0
MD,CY,0
ME,CY,0
NL,CY,0
MK,CY,0
NO,CY,0
PL,CY,1
RU,CY,7
SM,CY,0
RS,CY,3
SI,CY,0
ES,CY,0
SE,CY,0
CH,CY,0
UA,CY,0
GB,CY,2
AL,ES,0
AM,ES,0
AU,ES,2
AT,ES,0
AZ,ES,0
BY,ES,0
BE,ES,0
BA,ES,0
BG,ES,0
HR,ES,0
CY,ES,0
CZ,ES,0
DK,ES,0
EE,ES,0
FI,ES,0
FR,ES,1
GE,ES,0
DE,ES,0
GR,ES,0
HU,ES,0
IS,ES,0
IE,ES,0
IL,ES,0
IT,ES,0
LV,ES,0
LT,ES,0
MT,ES,0
MD,ES,0
ME,ES,0
NL,ES,0
MK,ES,0
NO,ES,0
PL,ES,0
RU,ES,0
SM,ES,0
RS,ES,0
SI,ES,0
SE,ES,1
CH,ES,2
UA,ES,0
GB,ES,4
AL,HR,0
AM,HR,0
AU,HR,0
AT,HR,0
AZ,HR,0
BY,HR,0
BE,HR,0
BA,HR,10
BG,HR,0
CY,HR,0
CZ,HR,0
DK,HR,0
EE,HR,0
FI,HR,0
FR,HR,0
GE,HR,0
DE,HR,0
GR,HR,0
HU,HR,0
IS,HR,0
IE,HR,0
IL,HR,0
IT,HR,0
LV,HR,0
LT,HR,0
MT,HR,0
MD,HR,0
ME,HR,6
NL,HR,0
MK,HR,5
NO,HR,0
PL,HR,0
RU,HR,0
SM,HR,0
RS,HR,4
SI,HR,8
ES,HR,0
SE,HR,0
CH,HR,0
UA,HR,0
GB,HR,0
AL,GB,0
AM,GB,0
AU,GB,4
AT,GB,0
AZ,GB,0
BY,GB,0
BE,GB,0
BA,GB,0
BG,GB,0
HR,GB,0
CY,GB,0
CZ,GB,0
DK,GB,0
EE,GB,0
FI,GB,0
FR,GB,0
GE,GB,0
DE,GB,0
GR,GB,0
HU,GB,0
IS,GB,0
IE,GB,3
IL,GB,0
IT,GB,0
LV,GB,0
LT,GB,0
MT,GB,1
MD,GB,0
ME,GB,0
NL,GB,0
MK,GB,0
NO,GB,0
PL,GB,0
RU,GB,0
SM,GB,0
RS,GB,0
SI,GB,0
ES,GB,0
SE,GB,0
CH,GB,0
UA,GB,0
AL,CZ,0
AM,CZ,0
AU,CZ,0
AT,CZ,0
AZ,CZ,0
BY,CZ,0
BE,CZ,0
BA,CZ,0
BG,CZ,0
HR,CZ,0
CY,CZ,0
DK,CZ,0
EE,CZ,0
FI,CZ,0
FR,CZ,0
GE,CZ,0
DE,CZ,0
GR,CZ,0
HU,CZ,0
IS,CZ,0
IE,CZ,0
IL,CZ,0
IT,CZ,0
LV,CZ,0
LT,CZ,0
MT,CZ,0
MD,CZ,0
ME,CZ,0
NL,CZ,0
MK,CZ,0
NO,CZ,0
PL,CZ,0
RU,CZ,0
SM,CZ,0
RS,CZ,0
SI,CZ,0
ES,CZ,0
SE,CZ,0
CH,CZ,0
UA,CZ,0
GB,CZ,0
AL,DE,0
AM,DE,0
AU,DE,0
AT,DE,2
AZ,DE,0
BY,DE,0
BE,DE,0
BA,DE,0
BG,DE,0
HR,DE,0
CY,DE,0
CZ,DE,0
DK,DE,0
EE,DE,0
FI,DE,0
FR,DE,0
GE,DE,0
GR,DE,0
HU,DE,0
IS,DE,0
IE,DE,0
IL,DE,0
IT,DE,0
LV,DE,0
LT,DE,0
MT,DE,0
MD,DE,0
ME,DE,0
NL,DE,0
MK,DE,0
NO,DE,0
PL,DE,0
RU,DE,0
SM,DE,0
RS,DE,0
SI,DE,0
ES,DE,0
SE,DE,0
CH,DE,8
UA,DE,0
GB,DE,0
AL,PT,8
AM,PT,10
AU,PT,7
AT,PT,12
AZ,PT,8
BY,PT,7
BE,PT,12
BG,PT,7
HR,PT,10
CY,PT,7
CZ,PT,8
DK,PT,5
EE,PT,10
FI,PT,12
FR,PT,12
GE,PT,8
DE,PT,12
GR,PT,8
HU,PT,7
IS,PT,12
IE,PT,10
IL,PT,12
IT,PT,5
LV,PT,10
LT,PT,12
MT,PT,8
MD,PT,6
ME,PT,8
NL,PT,12
MK,PT,7
NO,PT,12
PL,PT,10
RO,PT,7
SM,PT,7
RS,PT,8
SI,PT,8
ES,PT,12
SE,PT,10
CH,PT,12
UA,PT,10
GB,PT,8
AL,BG,10
AM,BG,7
AU,BG,5
AT,BG,7
AZ,BG,12
BY,BG,12
BE,BG,8
HR,BG,8
CY,BG,10
CZ,BG,12
DK,BG,10
EE,BG,7
FI,BG,7
FR,BG,4
GE,BG,7
DE,BG,5
GR,BG,10
HU,BG,12
IS,BG,4
IE,BG,6
IL,BG,10
IT,BG,8
LV,BG,7
LT,BG,7
MT,BG,10
MD,BG,8
ME,BG,6
NL,BG,8
MK,BG,12
NO,BG,8
PL,BG,8
PT,BG,8
RO,BG,8
SM,BG,12
RS,BG,10
SI,BG,7
ES,BG,10
SE,BG,7
CH,BG,6
UA,BG,2
GB,BG,12
AL,MD,0
AM,MD,6
AU,MD,12
AT,MD,3
AZ,MD,10
BY,MD,10
BE,MD,7
BG,MD,10
HR,MD,4
CY,MD,6
CZ,MD,5
DK,MD,8
EE,MD,4
FI,MD,5
FR,MD,7
GE,MD,0
DE,MD,7
GR,MD,6
HU,MD,10
IS,MD,6
IE,MD,8
IL,MD,5
IT,MD,12
LV,MD,8
LT,MD,8
MT,MD,1
ME,MD,3
NL,MD,5
MK,MD,2
NO,MD,6
PL,MD,6
PT,MD,12
RO,MD,12
SM,MD,8
RS,MD,7
SI,MD,3
ES,MD,6
SE,MD,8
CH,MD,0
UA,MD,12
GB,MD,6
AL,BE,5
AM,BE,5
AU,BE,4
AT,BE,8
AZ,BE,4
BY,BE,6
BG,BE,4
HR,BE,5
CY,BE,2
CZ,BE,4
DK,BE,6
EE,BE,12
FI,BE,10
FR,BE,8
GE,BE,0
DE,BE,10
GR,BE,5
HU,BE,8
IS,BE,10
IE,BE,5
IL,BE,6
IT,BE,2
LV,BE,12
LT,BE,10
MT,BE,5
MD,BE,2
ME,BE,4
NL,BE,10
MK,BE,4
NO,BE,7
PL,BE,12
PT,BE,10
RO,BE,5
SM,BE,5
RS,BE,3
SI,BE,6
ES,BE,4
SE,BE,12
CH,BE,7
UA,BE,5
GB,BE,3
AL,SE,2
AM,SE,3
AU,SE,6
AT,SE,1
AZ,SE,3
BY,SE,3
BE,SE,2
BG,SE,2
HR,SE,2
CY,SE,5
CZ,SE,0
DK,SE,12
EE,SE,3
FI,SE,6
FR,SE,0
GE,SE,1
DE,SE,0
GR,SE,3
HU,SE,3
IS,SE,8
IE,SE,0
IL,SE,3
IT,SE,0
LV,SE,4
LT,SE,3
MT,SE,7
MD,SE,3
ME,SE,0
NL,SE,4
MK,SE,5
NO,SE,5
PL,SE,3
PT,SE,1
RO,SE,2
SM,SE,2
RS,SE,1
SI,SE,1
ES,SE,5
CH,SE,1
UA,SE,7
GB,SE,4
AL,IT,12
AM,IT,4
AU,IT,2
AT,IT,6
AZ,IT,6
BY,IT,0
BE,IT,5
BG,IT,0
HR,IT,7
CY,IT,8
CZ,IT,1
DK,IT,0
EE,IT,5
FI,IT,8
FR,IT,5
GE,IT,5
DE,IT,4
GR,IT,7
HU,IT,4
IS,IT,7
IE,IT,1
IL,IT,8
LV,IT,3
LT,IT,5
MT,IT,12
MD,IT,4
ME,IT,10
NL,IT,2
MK,IT,8
NO,IT,2
PL,IT,0
PT,IT,4
RO,IT,6
SM,IT,10
RS,IT,6
SI,IT,10
ES,IT,8
SE,IT,1
CH,IT,10
UA,IT,0
GB,IT,2
AL,RO,4
AM,RO,2
AU,RO,10
AT,RO,10
AZ,RO,2
BY,RO,2
BE,RO,6
BG,RO,8
HR,RO,6
CY,RO,4
CZ,RO,6
DK,RO,4
EE,RO,6
FI,RO,3
FR,RO,10
GE,RO,0
DE,RO,6
GR,RO,1
HU,RO,6
IS,RO,5
IE,RO,12
IL,RO,7
IT,RO,10
LV,RO,5
LT,RO,4
MT,RO,6
MD,RO,12
ME,RO,0
NL,RO,7
MK,RO,0
NO,RO,10
PL,RO,7
PT,RO,7
SM,RO,6
RS,RO,4
SI,RO,2
ES,RO,7
SE,RO,3
CH,RO,4
UA,RO,3
GB,RO,7
AL,HU,6
AM,HU,0
AU,HU,0
AT,HU,5
AZ,HU,7
BY,HU,8
BE,HU,1
BG,HU,6
HR,HU,12
CY,HU,0
CZ,HU,0
DK,HU,3
EE,HU,8
FI,HU,4
FR,HU,2
GE,HU,0
DE,HU,3
GR,HU,0
IS,HU,2
IE,HU,2
IL,HU,1
IT,HU,4
LV,HU,2
LT,HU,2
MT,HU,2
MD,HU,0
ME,HU,7
NL,HU,6
MK,HU,3
NO,HU,4
PL,HU,5
PT,HU,2
RO,HU,10
SM,HU,4
RS,HU,12
SI,HU,5
ES,HU,0
SE,HU,4
CH,HU,5
UA,HU,4
GB,HU,1
AL,AU,0
AM,AU,0
AT,AU,0
AZ,AU,0
BY,AU,0
BE,AU,0
BG,AU,0
HR,AU,0
CY,AU,0
CZ,AU,0
DK,AU,2
EE,AU,0
FI,AU,0
FR,AU,0
GE,AU,0
DE,AU,0
GR,AU,0
HU,AU,0
IS,AU,0
IE,AU,0
IL,AU,0
IT,AU,0
LV,AU,0
LT,AU,0
MT,AU,0
MD,AU,0
ME,AU,0
NL,AU,0
MK,AU,0
NO,AU,0
PL,AU,0
PT,AU,0
RO,AU,0
SM,AU,0
RS,AU,0
SI,AU,0
ES,AU,0
SE,AU,0
CH,AU,0
UA,AU,0
GB,AU,0
AL,NO,0
AM,NO,0
AU,NO,0
AT,NO,0
AZ,NO,0
BY,NO,5
BE,NO,0
BG,NO,0
HR,NO,0
CY,NO,0
CZ,NO,0
DK,NO,7
EE,NO,0
FI,NO,2
FR,NO,0
GE,NO,0
DE,NO,0
GR,NO,0
HU,NO,0
IS,NO,1
IE,NO,0
IL,NO,0
IT,NO,0
LV,NO,1
LT,NO,6
MT,NO,0
MD,NO,0
ME,NO,0
NL,NO,0
MK,NO,0
PL,NO,0
PT,NO,0
RO,NO,0
SM,NO,0
RS,NO,0
SI,NO,0
ES,NO,0
SE,NO,6
CH,NO,0
UA,NO,1
GB,NO,0
AL,NL,0
AM,NL,0
AU,NL,0
AT,NL,0
AZ,NL,0
BY,NL,0
BE,NL,10
BG,NL,0
HR,NL,1
CY,NL,0
CZ,NL,0
DK,NL,1
EE,NL,0
FI,NL,0
FR,NL,0
GE,NL,0
DE,NL,1
GR,NL,0
HU,NL,0
IS,NL,0
IE,NL,0
IL,NL,0
IT,NL,0
LV,NL,0
LT,NL,0
MT,NL,0
MD,NL,0
ME,NL,0
MK,NL,0
NO,NL,0
PL,NL,0
PT,NL,0
RO,NL,0
SM,NL,0
RS,NL,0
SI,NL,0
ES,NL,2
SE,NL,0
CH,NL,0
UA,NL,0
GB,NL,0
AL,FR,1
AM,FR,8
AU,FR,0
AT,FR,0
AZ,FR,5
BY,FR,4
BE,FR,3
BG,FR,12
HR,FR,3
CY,FR,3
CZ,FR,0
DK,FR,0
EE,FR,1
FI,FR,1
GE,FR,3
DE,FR,0
GR,FR,4
HU,FR,1
IS,FR,0
IE,FR,0
IL,FR,4
IT,FR,1
LV,FR,0
LT,FR,0
MT,FR,0
MD,FR,5
ME,FR,2
NL,FR,0
MK,FR,6
NO,FR,0
PL,FR,0
PT,FR,6
RO,FR,4
SM,FR,0
RS,FR,2
SI,FR,0
ES,FR,3
SE,FR,0
CH,FR,2
UA,FR,6
GB,FR,0
AL,HR,7
AM,HR,0
AU,HR,1
AT,HR,4
AZ,HR,0
BY,HR,0
BE,HR,0
BG,HR,1
CY,HR,0
CZ,HR,0
DK,HR,0
EE,HR,0
FI,HR,0
FR,HR,0
GE,HR,0
DE,HR,8
GR,HR,0
HU,HR,5
IS,HR,0
IE,HR,3
IL,HR,0
IT,HR,6
LV,HR,0
LT,HR,0
MT,HR,3
MD,HR,0
ME,HR,12
NL,HR,3
MK,HR,10
NO,HR,1
PL,HR,1
PT,HR,0
RO,HR,3
SM,HR,3
RS,HR,5
SI,HR,12
ES,HR,0
SE,HR,2
CH,HR,8
UA,HR,0
GB,HR,5
AL,AZ,0
AM,AZ,0
AU,AZ,0
AT,AZ,0
BY,AZ,0
BE,AZ,0
BG,AZ,0
HR,AZ,0
CY,AZ,0
CZ,AZ,10
DK,AZ,0
EE,AZ,0
FI,AZ,0
FR,AZ,0
GE,AZ,12
DE,AZ,0
GR,AZ,0
HU,AZ,0
IS,AZ,0
IE,AZ,0
IL,AZ,0
IT,AZ,0
LV,AZ,0
LT,AZ,0
MT,AZ,0
MD,AZ,10
ME,AZ,5
NL,AZ,0
MK,AZ,0
NO,AZ,0
PL,AZ,0
PT,AZ,0
RO,AZ,0
SM,AZ,1
RS,AZ,0
SI,AZ,4
ES,AZ,0
SE,AZ,0
CH,AZ,0
UA,AZ,0
GB,AZ,0
AL,GB,0
AM,GB,0
AU,GB,3
AT,GB,0
AZ,GB,0
BY,GB,0
BE,GB,0
BG,GB,0
HR,GB,0
CY,GB,0
CZ,GB,0
DK,GB,0
EE,GB,0
FI,GB,0
FR,GB,0
GE,GB,0
DE,GB,0
GR,GB,0
HU,GB,0
IS,GB,0
IE,GB,4
IL,GB,0
IT,GB,0
LV,GB,0
LT,GB,0
MT,GB,4
MD,GB,0
ME,GB,0
NL,GB,0
MK,GB,0
NO,GB,0
PL,GB,0
PT,GB,0
RO,GB,0
SM,GB,0
RS,GB,0
SI,GB,0
ES,GB,1
SE,GB,0
CH,GB,0
UA,GB,0
AL,AT,0
AM,AT,0
AU,AT,0
AZ,AT,0
BY,AT,0
BE,AT,0
BG,AT,0
HR,AT,0
CY,AT,0
CZ,AT,0
DK,AT,0
EE,AT,0
FI,AT,0
FR,AT,0
GE,AT,0
DE,AT,0
GR,AT,0
HU,AT,0
IS,AT,0
IE,AT,0
IL,AT,0
IT,AT,0
LV,AT,0
LT,AT,0
MT,AT,0
MD,AT,0
ME,AT,0
NL,AT,0
MK,AT,0
NO,AT,0
PL,AT,0
PT,AT,0
RO,AT,0
SM,AT,0
RS,AT,0
SI,AT,0
ES,AT,0
SE,AT,0
CH,AT,0
UA,AT,0
GB,AT,0
AL,BY,0
AM,BY,0
AU,BY,0
AT,BY,0
AZ,BY,0
BE,BY,0
BG,BY,0
HR,BY,0
CY,BY,0
CZ,BY,3
DK,BY,0
EE,BY,2
FI,BY,0
FR,BY,0
GE,BY,6
DE,BY,0
GR,BY,0
HU,BY,0
IS,BY,0
IE,BY,0
IL,BY,2
IT,BY,0
LV,BY,6
LT,BY,1
MT,BY,0
MD,BY,1
ME,BY,0
NL,BY,0
MK,BY,0
NO,BY,0
PL,BY,4
PT,BY,0
RO,BY,0
SM,BY,0
RS,BY,0
SI,BY,0
ES,BY,0
SE,BY,0
CH,BY,0
UA,BY,8
GB,BY,0
AL,AM,0
AU,AM,0
AT,AM,0
AZ,AM,0
BY,AM,0
BE,AM,0
BG,AM,0
HR,AM,0
CY,AM,1
CZ,AM,2
DK,AM,0
EE,AM,0
FI,AM,0
FR,AM,6
GE,AM,10
DE,AM,0
GR,AM,2
HU,AM,0
IS,AM,0
IE,AM,0
IL,AM,0
IT,AM,0
LV,AM,0
LT,AM,0
MT,AM,0
MD,AM,0
ME,AM,0
NL,AM,0
MK,AM,0
NO,AM,0
PL,AM,0
PT,AM,0
RO,AM,0
SM,AM,0
RS,AM,0
SI,AM,0
ES,AM,0
SE,AM,0
CH,AM,0
UA,AM,0
GB,AM,0
AL,GR,3
AM,GR,1
AU,GR,0
AT,GR,0
AZ,GR,0
BY,GR,0
BE,GR,0
BG,GR,5
HR,GR,0
CY,GR,12
CZ,GR,0
DK,GR,0
EE,GR,0
FI,GR,0
FR,GR,0
GE,GR,0
DE,GR,0
HU,GR,0
IS,GR,0
IE,GR,0
IL,GR,0
IT,GR,0
LV,GR,0
LT,GR,0
MT,GR,0
MD,GR,7
ME,GR,0
NL,GR,0
MK,GR,0
NO,GR,0
PL,GR,0
PT,GR,0
RO,GR,1
SM,GR,0
RS,GR,0
SI,GR,0
ES,GR,0
SE,GR,0
CH,GR,0
UA,GR,0
GB,GR,0
AL,DK,0
AM,DK,0
AU,DK,8
AT,DK,0
AZ,DK,0
BY,DK,0
BE,DK,0
BG,DK,0
HR,DK,0
CY,DK,0
CZ,DK,0
EE,DK,0
FI,DK,0
FR,DK,0
GE,DK,0
DE,DK,0
GR,DK,0
HU,DK,0
IS,DK,0
IE,DK,0
IL,DK,0
IT,DK,0
LV,DK,0
LT,DK,0
MT,DK,0
MD,DK,0
ME,DK,0
NL,DK,0
MK,DK,0
NO,DK,0
PL,DK,0
PT,DK,0
RO,DK,0
SM,DK,0
RS,DK,0
SI,DK,0
ES,DK,0
SE,DK,0
CH,DK,0
UA,DK,0
GB,DK,0
AL,CY,0
AM,CY,12
AU,CY,0
AT,CY,0
AZ,CY,0
BY,CY,0
BE,CY,0
BG,CY,3
HR,CY,0
CZ,CY,0
DK,CY,0
EE,CY,0
FI,CY,0
FR,CY,0
GE,CY,2
DE,CY,0
GR,CY,12
HU,CY,2
IS,CY,0
IE,CY,0
IL,CY,0
IT,CY,0
LV,CY,0
LT,CY,0
MT,CY,0
MD,CY,0
ME,CY,1
NL,CY,0
MK,CY,0
NO,CY,0
PL,CY,0
PT,CY,0
RO,CY,0
SM,CY,0
RS,CY,0
SI,CY,0
ES,CY,0
SE,CY,0
CH,CY,0
UA,CY,0
GB,CY,0
AL,PL,0
AM,PL,0
AU,PL,0
AT,PL,2
AZ,PL,0
BY,PL,0
BE,PL,4
BG,PL,0
HR,PL,0
CY,PL,0
CZ,PL,0
DK,PL,0
EE,PL,0
FI,PL,0
FR,PL,1
GE,PL,0
DE,PL,2
GR,PL,0
HU,PL,0
IS,PL,3
IE,PL,7
IL,PL,0
IT,PL,3
LV,PL,0
LT,PL,0
MT,PL,0
MD,PL,0
ME,PL,0
NL,PL,1
MK,PL,0
NO,PL,3
PT,PL,0
RO,PL,0
SM,PL,0
RS,PL,0
SI,PL,0
ES,PL,0
SE,PL,5
CH,PL,0
UA,PL,0
GB,PL,10
AL,IL,0
AM,IL,0
AU,IL,0
AT,IL,0
AZ,IL,1
BY,IL,0
BE,IL,0
BG,IL,0
HR,IL,0
CY,IL,0
CZ,IL,0
DK,IL,0
EE,IL,0
FI,IL,0
FR,IL,3
GE,IL,0
DE,IL,0
GR,IL,0
HU,IL,0
IS,IL,0
IE,IL,0
IT,IL,0
LV,IL,0
LT,IL,0
MT,IL,0
MD,IL,0
ME,IL,0
NL,IL,0
MK,IL,1
NO,IL,0
PL,IL,0
PT,IL,0
RO,IL,0
SM,IL,0
RS,IL,0
SI,IL,0
ES,IL,0
SE,IL,0
CH,IL,0
UA,IL,0
GB,IL,0
AL,UA,0
AM,UA,0
AU,UA,0
AT,UA,0
AZ,UA,0
BY,UA,1
BE,UA,0
BG,UA,0
HR,UA,0
CY,UA,0
CZ,UA,7
DK,UA,0
EE,UA,0
FI,UA,0
FR,UA,0
GE,UA,4
DE,UA,0
GR,UA,0
HU,UA,0
IS,UA,0
IE,UA,0
IL,UA,0
IT,UA,7
LV,UA,0
LT,UA,0
MT,UA,0
MD,UA,0
ME,UA,0
NL,UA,0
MK,UA,0
NO,UA,0
PL,UA,2
PT,UA,3
RO,UA,0
SM,UA,0
RS,UA,0
SI,UA,0
ES,UA,0
SE,UA,0
CH,UA,0
GB,UA,0
AL,DE,0
AM,DE,0
AU,DE,0
AT,DE,0
AZ,DE,0
BY,DE,0
BE,DE,0
BG,DE,0
HR,DE,0
CY,DE,0
CZ,DE,0
DK,DE,0
EE,DE,0
FI,DE,0
FR,DE,0
GE,DE,0
GR,DE,0
HU,DE,0
IS,DE,0
IE,DE,0
IL,DE,0
IT,DE,0
LV,DE,0
LT,DE,0
MT,DE,0
MD,DE,0
ME,DE,0
NL,DE,0
MK,DE,0
NO,DE,0
PL,DE,0
PT,DE,0
RO,DE,0
SM,DE,0
RS,DE,0
SI,DE,0
ES,DE,0
SE,DE,0
CH,DE,3
UA,DE,0
GB,DE,0
AL,ES,0
AM,ES,0
AU,ES,0
AT,ES,0
AZ,ES,0
BY,ES,0
BE,ES,0
BG,ES,0
HR,ES,0
CY,ES,0
CZ,ES,0
DK,ES,0
EE,ES,0
FI,ES,0
FR,ES,0
GE,ES,0
DE,ES,0
GR,ES,0
HU,ES,0
IS,ES,0
IE,ES,0
IL,ES,0
IT,ES,0
LV,ES,0
LT,ES,0
MT,ES,0
MD,ES,0
ME,ES,0
NL,ES,0
MK,ES,0
NO,ES,0
PL,ES,0
PT,ES,5
RO,ES,0
SM,ES,0
RS,ES,0
SI,ES,0
SE,ES,0
CH,ES,0
UA,ES,0
GB,ES,0
AL,IL,1
AM,IL,10
AU,IL,12
AT,IL,7
AZ,IL,12
BY,IL,8
BE,IL,10
BG,IL,10
HR,IL,6
CY,IL,10
CZ,IL,10
DK,IL,0
EE,IL,0
FI,IL,7
FR,IL,12
GE,IL,12
DE,IL,10
GR,IL,6
HU,IL,10
IS,IL,7
IE,IL,6
IT,IL,7
LV,IL,8
LT,IL,1
MT,IL,8
MD,IL,12
ME,IL,1
NL,IL,10
MK,IL,3
NO,IL,7
PL,IL,10
PT,IL,1
RO,IL,8
RU,IL,10
SM,IL,12
RS,IL,7
SI,IL,0
ES,IL,12
SE,IL,10
CH,IL,5
UA,IL,12
GB,IL,7
AL,CY,10
AM,CY,12
AU,CY,7
AT,CY,1
AZ,CY,10
BY,CY,3
BE,CY,7
BG,CY,12
HR,CY,8
CZ,CY,8
DK,CY,1
EE,CY,4
FI,CY,1
FR,CY,3
GE,CY,10
DE,CY,6
GR,CY,12
HU,CY,7
IS,CY,1
IE,CY,5
IL,CY,2
IT,CY,5
LV,CY,1
LT,CY,6
MT,CY,10
MD,CY,7
ME,CY,5
NL,CY,5
MK,CY,8
NO,CY,2
PL,CY,8
PT,CY,5
RO,CY,7
RU,CY,4
SM,CY,7
RS,CY,10
SI,CY,6
ES,CY,8
SE,CY,4
CH,CY,3
UA,CY,4
GB,CY,8
AL,AT,2
AM,AT,6
AU,AT,0
AZ,AT,0
BY,AT,0
BE,AT,3
BG,AT,4
HR,AT,0
CY,AT,0
CZ,AT,0
DK,AT,10
EE,AT,6
FI,AT,3
FR,AT,0
GE,AT,1
DE,AT,5
GR,AT,0
HU,AT,3
IS,AT,5
IE,AT,0
IL,AT,1
IT,AT,0
LV,AT,0
LT,AT,3
MT,AT,0
MD,AT,0
ME,AT,0
NL,AT,3
MK,AT,0
NO,AT,8
PL,AT,0
PT,AT,0
RO,AT,0
RU,AT,0
SM,AT,0
RS,AT,0
SI,AT,2
ES,AT,0
SE,AT,2
CH,AT,4
UA,AT,0
GB,AT,0
AL,DE,8
AM,DE,0
AU,DE,2
AT,DE,6
AZ,DE,3
BY,DE,0
BE,DE,2
BG,DE,0
HR,DE,3
CY,DE,3
CZ,DE,3
DK,DE,12
EE,DE,0
FI,DE,0
FR,DE,0
GE,DE,0
GR,DE,2
HU,DE,1
IS,DE,8
IE,DE,8
IL,DE,3
IT,DE,3
LV,DE,0
LT,DE,2
MT,DE,4
MD,DE,4
ME,DE,0
NL,DE,12
MK,DE,0
NO,DE,6
PL,DE,1
PT,DE,8
RO,DE,4
RU,DE,0
SM,DE,4
RS,DE,0
SI,DE,4
ES,DE,6
SE,DE,5
CH,DE,6
UA,DE,0
GB,DE,3
AL,IT,12
AM,IT,3
AU,IT,0
AT,IT,10
AZ,IT,5
BY,IT,4
BE,IT,6
BG,IT,6
HR,IT,10
CY,IT,7
CZ,IT,2
DK,IT,0
EE,IT,7
FI,IT,6
FR,IT,10
GE,IT,5
DE,IT,12
GR,IT,8
HU,IT,6
IS,IT,0
IE,IT,0
IL,IT,5
LV,IT,6
LT,IT,7
MT,IT,12
MD,IT,8
ME,IT,8
NL,IT,7
MK,IT,6
NO,IT,0
PL,IT,5
PT,IT,10
RO,IT,6
RU,IT,6
SM,IT,8
RS,IT,6
SI,IT,10
ES,IT,7
SE,IT,0
CH,IT,8
UA,IT,5
GB,IT,0
AL,CZ,0
AM,CZ,8
AU,CZ,3
AT,CZ,12
AZ,CZ,6
BY,CZ,5
BE,CZ,1
BG,CZ,3
HR,CZ,5
CY,CZ,8
DK,CZ,6
EE,CZ,5
FI,CZ,5
FR,CZ,0
GE,CZ,0
DE,CZ,8
GR,CZ,7
HU,CZ,8
IS,CZ,10
IE,CZ,7
IL,CZ,12
IT,CZ,0
LV,CZ,4
LT,CZ,8
MT,CZ,3
MD,CZ,6
ME,CZ,0
NL,CZ,6
MK,CZ,5
NO,CZ,4
PL,CZ,4
PT,CZ,0
RO,CZ,3
RU,CZ,2
SM,CZ,10
RS,CZ,5
SI,CZ,8
ES,CZ,10
SE,CZ,3
CH,CZ,0
UA,CZ,10
GB,CZ,5
AL,SE,0
AM,SE,0
AU,SE,0
AT,SE,0
AZ,SE,2
BY,SE,0
BE,SE,0
BG,SE,0
HR,SE,0
CY,SE,0
CZ,SE,0
DK,SE,7
EE,SE,0
FI,SE,0
FR,SE,0
GE,SE,0
DE,SE,0
GR,SE,0
HU,SE,0
IS,SE,2
IE,SE,0
IL,SE,0
IT,SE,0
LV,SE,0
LT,SE,4
MT,SE,0
MD,SE,0
ME,SE,2
NL,SE,0
MK,SE,0
NO,SE,3
PL,SE,0
PT,SE,0
RO,SE,0
RU,SE,1
SM,SE,0
RS,SE,0
SI,SE,0
ES,SE,0
CH,SE,0
UA,SE,0
GB,SE,0
AL,EE,4
AM,EE,2
AU,EE,0
AT,EE,0
AZ,EE,0
BY,EE,0
BE,EE,0
BG,EE,2
HR,EE,0
CY,EE,4
CZ,EE,5
DK,EE,0
FI,EE,12
FR,EE,7
GE,EE,6
DE,EE,0
GR,EE,4
HU,EE,0
IS,EE,0
IE,EE,4
IL,EE,8
IT,EE,6
LV,EE,10
LT,EE,12
MT,EE,0
MD,EE,1
ME,EE,0
NL,EE,0
MK,EE,0
NO,EE,0
PL,EE,0
PT,EE,7
RO,EE,0
RU,EE,3
SM,EE,0
RS,EE,0
SI,EE,0
ES,EE,2
SE,EE,0
CH,EE,0
UA,EE,3
GB,EE,0
AL,DK,0
AM,DK,0
AU,DK,10
AT,DK,5
AZ,DK,0
BY,DK,7
BE,DK,5
BG,DK,0
HR,DK,2
CY,DK,0
CZ,DK,7
EE,DK,8
FI,DK,10
FR,DK,2
GE,DK,2
DE,DK,3
GR,DK,0
HU,DK,12
IS,DK,12
IE,DK,2
IL,DK,4
IT,DK,4
LV,DK,5
LT,DK,10
MT,DK,2
MD,DK,0
ME,DK,0
NL,DK,8
MK,DK,0
NO,DK,10
PL,DK,6
PT,DK,2
RO,DK,2
RU,DK,7
SM,DK,6
RS,DK,4
SI,DK,7
ES,DK,0
SE,DK,12
CH,DK,2
UA,DK,8
GB,DK,2
AL,MD,0
AM,MD,1
AU,MD,5
AT,MD,0
AZ,MD,4
BY,MD,6
BE,MD,0
BG,MD,8
HR,MD,0
CY,MD,0
CZ,MD,6
DK,MD,0
EE,MD,1
FI,MD,0
FR,MD,6
GE,MD,3
DE,MD,0
GR,MD,1
HU,MD,2
IS,MD,0
IE,MD,1
IL,MD,10
IT,MD,10
LV,MD,7
LT,MD,0
MT,MD,0
ME,MD,0
NL,MD,0
MK,MD,1
NO,MD,0
PL,MD,0
PT,MD,6
RO,MD,12
RU,MD,12
SM,MD,2
RS,MD,1
SI,MD,0
ES,MD,0
SE,MD,0
CH,MD,0
UA,MD,6
GB,MD,4
AM,AL,0
AU,AL,0
AT,AL,2
AZ,AL,0
BY,AL,0
BE,AL,0
BG,AL,0
HR,AL,4
CY,AL,0
CZ,AL,0
DK,AL,0
EE,AL,0
FI,AL,0
FR,AL,0
GE,AL,0
DE,AL,0
GR,AL,10
HU,AL,0
IS,AL,0
IE,AL,0
IL,AL,0
IT,AL,12
LV,AL,0
LT,AL,0
MT,AL,0
MD,AL,0
ME,AL,10
NL,AL,0
MK,AL,12
NO,AL,0
PL,AL,0
PT,AL,0
RO,AL,0
RU,AL,0
SM,AL,0
RS,AL,0
SI,AL,1
ES,AL,0
SE,AL,0
CH,AL,7
UA,AL,0
GB,AL,0
AL,LT,0
AM,LT,0
AU,LT,0
AT,LT,0
AZ,LT,0
BY,LT,0
BE,LT,0
BG,LT,0
HR,LT,0
CY,LT,6
CZ,LT,0
DK,LT,0
EE,LT,12
FI,LT,0
FR,LT,0
GE,LT,7
DE,LT,4
GR,LT,0
HU,LT,0
IS,LT,0
IE,LT,12
IL,LT,0
IT,LT,0
LV,LT,12
MT,LT,5
MD,LT,0
ME,LT,0
NL,LT,0
MK,LT,0
NO,LT,12
PL,LT,0
PT,LT,0
RO,LT,0
RU,LT,0
SM,LT,0
RS,LT,0
SI,LT,0
ES,LT,0
SE,LT,7
CH,LT,0
UA,LT,2
GB,LT,12
AL,FR,5
AM,FR,5
AU,FR,0
AT,FR,0
AZ,FR,0
BY,FR,0
BE,FR,8
BG,FR,0
HR,FR,0
CY,FR,1
CZ,FR,0
DK,FR,0
EE,FR,0
FI,FR,4
GE,FR,4
DE,FR,0
GR,FR,0
HU,FR,0
IS,FR,6
IE,FR,0
IL,FR,6
IT,FR,0
LV,FR,0
LT,FR,5
MT,FR,0
MD,FR,0
ME,FR,0
NL,FR,0
MK,FR,0
NO,FR,1
PL,FR,3
PT,FR,0
RO,FR,0
RU,FR,0
SM,FR,0
RS,FR,0
SI,FR,0
ES,FR,4
SE,FR,0
CH,FR,0
UA,FR,7
GB,FR,0
AL,BG,6
AM,BG,0
AU,BG,0
AT,BG,0
AZ,BG,1
BY,BG,1
BE,BG,0
HR,BG,1
CY,BG,12
CZ,BG,1
DK,BG,0
EE,BG,0
FI,BG,0
FR,BG,0
GE,BG,0
DE,BG,0
GR,BG,5
HU,BG,0
IS,BG,0
IE,BG,0
IL,BG,0
IT,BG,0
LV,BG,0
LT,BG,0
MT,BG,7
MD,BG,3
ME,BG,4
NL,BG,0
MK,BG,7
NO,BG,0
PL,BG,0
PT,BG,0
RO,BG,5
RU,BG,0
SM,BG,0
RS,BG,2
SI,BG,0
ES,BG,5
SE,BG,0
CH,BG,0
UA,BG,0
GB,BG,6
AL,NO,0
AM,NO,7
AU,NO,1
AT,NO,0
AZ,NO,7
BY,NO,10
BE,NO,0
BG,NO,0
HR,NO,0
CY,NO,5
CZ,NO,0
DK,NO,8
EE,NO,2
FI,NO,0
FR,NO,0
GE,NO,0
DE,NO,0
GR,NO,3
HU,NO,5
IS,NO,4
IE,NO,0
IL,NO,0
IT,NO,0
LV,NO,2
LT,NO,0
MT,NO,0
MD,NO,5
ME,NO,0
NL,NO,1
MK,NO,0
PL,NO,0
PT,NO,0
RO,NO,0
RU,NO,5
SM,NO,0
RS,NO,3
SI,NO,5
ES,NO,3
SE,NO,8
CH,NO,0
UA,NO,0
GB,NO,0
AL,IE,7
AM,IE,0
AU,IE,8
AT,IE,4
AZ,IE,0
BY,IE,0
BE,IE,4
BG,IE,0
HR,IE,0
CY,IE,0
CZ,IE,4
DK,IE,4
EE,IE,0
FI,IE,0
FR,IE,0
GE,IE,0
DE,IE,7
GR,IE,0
HU,IE,0
IS,IE,0
IL,IE,0
IT,IE,0
LV,IE,0
LT,IE,0
MT,IE,0
MD,IE,0
ME,IE,0
NL,IE,4
MK,IE,0
NO,IE,0
PL,IE,2
PT,IE,3
RO,IE,1
RU,IE,0
SM,IE,3
RS,IE,0
SI,IE,0
ES,IE,1
SE,IE,0
CH,IE,0
UA,IE,0
GB,IE,10
AL,UA,0
AM,UA,4
AU,UA,0
AT,UA,0
AZ,UA,8
BY,UA,12
BE,UA,0
BG,UA,1
HR,UA,0
CY,UA,2
CZ,UA,12
DK,UA,0
EE,UA,0
FI,UA,0
FR,UA,4
GE,UA,8
DE,UA,0
GR,UA,0
HU,UA,0
IS,UA,0
IE,UA,0
IL,UA,7
IT,UA,8
LV,UA,3
LT,UA,0
MT,UA,0
MD,UA,10
ME,UA,7
NL,UA,0
MK,UA,4
NO,UA,0
PL,UA,12
PT,UA,4
RO,UA,0
RU,UA,8
SM,UA,5
RS,UA,0
SI,UA,0
ES,UA,0
SE,UA,0
CH,UA,0
GB,UA,0
AL,NL,0
AM,NL,0
AU,NL,0
AT,NL,0
AZ,NL,0
BY,NL,0
BE,NL,12
BG,NL,0
HR,NL,0
CY,NL,0
CZ,NL,0
DK,NL,5
EE,NL,0
FI,NL,2
FR,NL,0
GE,NL,0
DE,NL,0
GR,NL,0
HU,NL,4
IS,NL,0
IE,NL,3
IL,NL,0
IT,NL,0
LV,NL,0
LT,NL,0
MT,NL,0
MD,NL,0
ME,NL,0
MK,NL,0
NO,NL,5
PL,NL,0
PT,NL,0
RO,NL,0
RU,NL,0
SM,NL,0
RS,NL,0
SI,NL,0
ES,NL,0
SE,NL,1
CH,NL,0
UA,NL,0
GB,NL,0
AL,RS,0
AM,RS,0
AU,RS,0
AT,RS,8
AZ,RS,0
BY,RS,0
BE,RS,0
BG,RS,7
HR,RS,12
CY,RS,0
CZ,RS,0
DK,RS,0
EE,RS,0
FI,RS,0
FR,RS,1
GE,RS,0
DE,RS,0
GR,RS,0
HU,RS,0
IS,RS,0
IE,RS,0
IL,RS,0
IT,RS,1
LV,RS,0
LT,RS,0
MT,RS,0
MD,RS,0
ME,RS,12
NL,RS,0
MK,RS,10
NO,RS,0
PL,RS,0
PT,RS,0
RO,RS,0
RU,RS,0
SM,RS,0
SI,RS,12
ES,RS,0
SE,RS,0
CH,RS,12
UA,RS,0
GB,RS,0
AL,AU,0
AM,AU,0
AT,AU,0
AZ,AU,0
BY,AU,0
BE,AU,0
BG,AU,0
HR,AU,0
CY,AU,0
CZ,AU,0
DK,AU,2
EE,AU,0
FI,AU,0
FR,AU,0
GE,AU,0
DE,AU,0
GR,AU,0
HU,AU,0
IS,AU,0
IE,AU,0
IL,AU,0
IT,AU,0
LV,AU,0
LT,AU,0
MT,AU,6
MD,AU,0
ME,AU,0
NL,AU,0
MK,AU,0
NO,AU,0
PL,AU,0
PT,AU,0
RO,AU,0
RU,AU,0
SM,AU,0
RS,AU,0
SI,AU,0
ES,AU,0
SE,AU,0
CH,AU,0
UA,AU,0
GB,AU,1
AL,HU,0
AM,HU,0
AU,HU,0
AT,HU,3
AZ,HU,0
BY,HU,2
BE,HU,0
BG,HU,5
HR,HU,0
CY,HU,0
CZ,HU,0
DK,HU,0
EE,HU,3
FI,HU,8
FR,HU,0
GE,HU,0
DE,HU,2
GR,HU,0
IS,HU,0
IE,HU,0
IL,HU,0
IT,HU,2
LV,HU,0
LT,HU,0
MT,HU,0
MD,HU,2
ME,HU,3
NL,HU,2
MK,HU,0
NO,HU,0
PL,HU,7
PT,HU,0
RO,HU,10
RU,HU,0
SM,HU,0
RS,HU,12
SI,HU,3
ES,HU,0
SE,HU,0
CH,HU,0
UA,HU,1
GB,HU,0
AL,SI,0
AM,SI,0
AU,SI,0
AT,SI,0
AZ,SI,0
BY,SI,0
BE,SI,0
BG,SI,0
HR,SI,7
CY,SI,0
CZ,SI,0
DK,SI,0
EE,SI,0
FI,SI,0
FR,SI,0
GE,SI,0
DE,SI,0
GR,SI,0
HU,SI,0
IS,SI,0
IE,SI,0
IL,SI,0
IT,SI,0
LV,SI,0
LT,SI,0
MT,SI,0
MD,SI,0
ME,SI,6
NL,SI,0
MK,SI,2
NO,SI,0
PL,SI,0
PT,SI,0
RO,SI,0
RU,SI,0
SM,SI,0
RS,SI,8
ES,SI,0
SE,SI,0
CH,SI,0
UA,SI,0
GB,SI,0
AL,ES,0
AM,ES,0
AU,ES,0
AT,ES,0
AZ,ES,0
BY,ES,0
BE,ES,0
BG,ES,0
HR,ES,0
CY,ES,0
CZ,ES,0
DK,ES,0
EE,ES,0
FI,ES,0
FR,ES,5
GE,ES,0
DE,ES,0
GR,ES,0
HU,ES,0
IS,ES,0
IE,ES,0
IL,ES,0
IT,ES,0
LV,ES,0
LT,ES,0
MT,ES,0
MD,ES,0
ME,ES,0
NL,ES,0
MK,ES,0
NO,ES,0
PL,ES,0
PT,ES,12
RO,ES,0
RU,ES,0
SM,ES,0
RS,ES,0
SI,ES,0
SE,ES,0
CH,ES,1
UA,ES,0
GB,ES,0
AL,GB,3
AM,GB,0
AU,GB,6
AT,GB,0
AZ,GB,0
BY,GB,0
BE,GB,0
BG,GB,0
HR,GB,0
CY,GB,0
CZ,GB,0
DK,GB,3
EE,GB,0
FI,GB,0
FR,GB,0
GE,GB,0
DE,GB,1
GR,GB,0
HU,GB,0
IS,GB,0
IE,GB,10
IL,GB,0
IT,GB,0
LV,GB,0
LT,GB,0
MT,GB,1
MD,GB,0
ME,GB,0
NL,GB,0
MK,GB,0
NO,GB,0
PL,GB,0
PT,GB,0
RO,GB,0
RU,GB,0
SM,GB,1
RS,GB,0
SI,GB,0
ES,GB,0
SE,GB,0
CH,GB,0
UA,GB,0
AL,FI,0
AM,FI,0
AU,FI,4
AT,FI,0
AZ,FI,0
BY,FI,0
BE,FI,0
BG,FI,0
HR,FI,0
CY,FI,0
CZ,FI,0
DK,FI,0
EE,FI,10
FR,FI,0
GE,FI,0
DE,FI,0
GR,FI,0
HU,FI,0
IS,FI,3
IE,FI,0
IL,FI,0
IT,FI,0
LV,FI,0
LT,FI,0
MT,FI,0
MD,FI,0
ME,FI,0
NL,FI,0
MK,FI,0
NO,FI,0
PL,FI,0
PT,FI,0
RO,FI,0
RU,FI,0
SM,FI,0
RS,FI,0
SI,FI,0
ES,FI,0
SE,FI,6
CH,FI,0
UA,FI,0
GB,FI,0
AL,PT,0
AM,PT,0
AU,PT,0
AT,PT,0
AZ,PT,0
BY,PT,0
BE,PT,0
BG,PT,0
HR,PT,0
CY,PT,0
CZ,PT,0
DK,PT,0
EE,PT,0
FI,PT,0
FR,PT,8
GE,PT,0
DE,PT,0
GR,PT,0
HU,PT,0
IS,PT,0
IE,PT,0
IL,PT,0
IT,PT,0
LV,PT,0
LT,PT,0
MT,PT,0
MD,PT,0
ME,PT,0
NL,PT,0
MK,PT,0
NO,PT,0
PL,PT,0
RO,PT,0
RU,PT,0
SM,PT,0
RS,PT,0
SI,PT,0
ES,PT,0
SE,PT,0
CH,PT,10
UA,PT,0
GB,PT,0
AL,NL,7
AM,NL,10
AU,NL,6
AT,NL,7
AZ,NL,7
BY,NL,10
BE,NL,12
HR,NL,4
CY,NL,6
CZ,NL,4
DK,NL,7
EE,NL,8
FI,NL,5
FR,NL,5
GE,NL,5
DE,NL,7
GR,NL,6
HU,NL,8
IS,NL,5
IE,NL,8
IL,NL,2
IT,NL,5
LV,NL,5
LT,NL,7
MT,NL,10
MD,NL,6
ME,NL,1
MK,NL,7
NO,NL,8
PL,NL,10
PT,NL,8
RO,NL,12
RU,NL,5
SM,NL,6
RS,NL,3
SI,NL,5
ES,NL,8
SE,NL,6
CH,NL,6
GB,NL,4
AL,IT,8
AM,IT,7
AU,IT,5
AT,IT,10
AZ,IT,6
BY,IT,3
BE,IT,8
HR,IT,12
CY,IT,8
CZ,IT,2
DK,IT,3
EE,IT,0
FI,IT,3
FR,IT,10
GE,IT,1
DE,IT,6
GR,IT,10
HU,IT,4
IS,IT,6
IE,IT,4
IL,IT,8
LV,IT,3
LT,IT,10
MT,IT,12
MD,IT,5
ME,IT,5
NL,IT,10
MK,IT,3
NO,IT,7
PL,IT,7
PT,IT,7
RO,IT,8
RU,IT,1
SM,IT,8
RS,IT,7
SI,IT,8
ES,IT,12
SE,IT,4
CH,IT,12
GB,IT,0
AL,RU,12
AM,RU,12
AU,RU,0
AT,RU,5
AZ,RU,12
BY,RU,12
BE,RU,1
HR,RU,0
CY,RU,10
CZ,RU,12
DK,RU,0
EE,RU,12
FI,RU,4
FR,RU,3
GE,RU,8
DE,RU,8
GR,RU,8
HU,RU,7
IS,RU,0
IE,RU,5
IL,RU,12
IT,RU,8
LV,RU,12
LT,RU,12
MT,RU,4
MD,RU,12
ME,RU,10
NL,RU,0
MK,RU,0
NO,RU,1
PL,RU,3
PT,RU,10
RO,RU,7
SM,RU,12
RS,RU,8
SI,RU,0
ES,RU,2
SE,RU,0
CH,RU,0
GB,RU,0
AL,CH,4
AM,CH,8
AU,CH,7
AT,CH,12
AZ,CH,8
BY,CH,4
BE,CH,5
HR,CH,6
CY,CH,7
CZ,CH,5
DK,CH,6
EE,CH,4
FI,CH,2
FR,CH,2
GE,CH,0
DE,CH,10
GR,CH,7
HU,CH,5
IS,CH,7
IE,CH,7
IL,CH,7
IT,CH,3
LV,CH,1
LT,CH,2
MT,CH,8
MD,CH,4
ME,CH,0
NL,CH,6
MK,CH,4
NO,CH,6
PL,CH,5
PT,CH,5
RO,CH,10
RU,CH,2
SM,CH,5
RS,CH,6
SI,CH,4
ES,CH,10
SE,CH,1
GB,CH,7
AL,SE,0
AM,SE,2
AU,SE,8
AT,SE,0
AZ,SE,0
BY,SE,0
BE,SE,2
HR,SE,0
CY,SE,0
CZ,SE,0
DK,SE,10
EE,SE,3
FI,SE,7
FR,SE,0
GE,SE,6
DE,SE,1
GR,SE,0
HU,SE,0
IS,SE,8
IE,SE,2
IL,SE,0
IT,SE,0
LV,SE,0
LT,SE,3
MT,SE,6
MD,SE,0
ME,SE,0
NL,SE,8
MK,SE,0
NO,SE,12
PL,SE,0
PT,SE,0
RO,SE,0
RU,SE,0
SM,SE,0
RS,SE,0
SI,SE,0
ES,SE,6
CH,SE,4
GB,SE,5
AL,NO,5
AM,NO,5
AU,NO,12
AT,NO,8
AZ,NO,1
BY,NO,8
BE,NO,7
HR,NO,5
CY,NO,1
CZ,NO,10
DK,NO,12
EE,NO,10
FI,NO,10
FR,NO,8
GE,NO,0
DE,NO,12
GR,NO,0
HU,NO,10
IS,NO,12
IE,NO,12
IL,NO,10
IT,NO,10
LV,NO,8
LT,NO,8
MT,NO,7
MD,NO,3
ME,NO,0
NL,NO,12
MK,NO,5
PL,NO,8
PT,NO,6
RO,NO,4
RU,NO,10
SM,NO,3
RS,NO,4
SI,NO,6
ES,NO,7
SE,NO,12
CH,NO,8
GB,NO,12
AL,MK,6
AM,MK,0
AU,MK,0
AT,MK,0
AZ,MK,3
BY,MK,0
BE,MK,0
HR,MK,7
CY,MK,0
CZ,MK,0
DK,MK,0
EE,MK,0
FI,MK,0
FR,MK,0
GE,MK,2
DE,MK,0
GR,MK,0
HU,MK,0
IS,MK,0
IE,MK,0
IL,MK,0
IT,MK,0
LV,MK,0
LT,MK,0
MT,MK,5
MD,MK,0
ME,MK,6
NL,MK,1
NO,MK,0
PL,MK,0
PT,MK,0
RO,MK,0
RU,MK,0
SM,MK,0
RS,MK,12
SI,MK,12
ES,MK,0
SE,MK,2
CH,MK,2
GB,MK,0
AL,AZ,3
AM,AZ,0
AU,AZ,1
AT,AZ,1
BY,AZ,6
BE,AZ,0
HR,AZ,0
CY,AZ,0
CZ,AZ,7
DK,AZ,5
EE,AZ,1
FI,AZ,0
FR,AZ,0
GE,AZ,7
DE,AZ,0
GR,AZ,0
HU,AZ,2
IS,AZ,0
IE,AZ,0
IL,AZ,3
IT,AZ,1
LV,AZ,4
LT,AZ,5
MT,AZ,2
MD,AZ,10
ME,AZ,3
NL,AZ,4
MK,AZ,1
NO,AZ,3
PL,AZ,2
PT,AZ,0
RO,AZ,6
RU,AZ,12
SM,AZ,4
RS,AZ,0
SI,AZ,0
ES,AZ,1
SE,AZ,3
CH,AZ,0
GB,AZ,3
AL,AU,1
AM,AU,1
AT,AU,3
AZ,AU,0
BY,AU,2
BE,AU,4
HR,AU,0
CY,AU,2
CZ,AU,8
DK,AU,2
EE,AU,2
FI,AU,6
FR,AU,6
GE,AU,0
DE,AU,5
GR,AU,3
HU,AU,0
IS,AU,10
IE,AU,10
IL,AU,6
IT,AU,6
LV,AU,6
LT,AU,1
MT,AU,3
MD,AU,0
ME,AU,0
NL,AU,2
MK,AU,0
NO,AU,4
PL,AU,6
PT,AU,4
RO,AU,2
RU,AU,4
SM,AU,0
RS,AU,0
SI,AU,2
ES,AU,5
SE,AU,5
CH,AU,0
GB,AU,10
AL,IS,0
AM,IS,3
AU,IS,10
AT,IS,6
AZ,IS,0
BY,IS,7
BE,IS,3
HR,IS,3
CY,IS,0
CZ,IS,6
DK,IS,4
EE,IS,5
FI,IS,12
FR,IS,1
GE,IS,3
DE,IS,2
GR,IS,2
HU,IS,12
IE,IS,6
IL,IS,0
IT,IS,7
LV,IS,7
LT,IS,6
MT,IS,1
MD,IS,1
ME,IS,2
NL,IS,7
MK,IS,0
NO,IS,10
PL,IS,12
PT,IS,3
RO,IS,5
RU,IS,7
SM,IS,2
RS,IS,5
SI,IS,7
ES,IS,3
SE,IS,8
CH,IS,0
GB,IS,8
AL,CZ,0
AM,CZ,0
AU,CZ,2
AT,CZ,0
AZ,CZ,0
BY,CZ,0
BE,CZ,0
HR,CZ,0
CY,CZ,0
DK,CZ,0
EE,CZ,0
FI,CZ,0
FR,CZ,0
GE,CZ,0
DE,CZ,0
GR,CZ,0
HU,CZ,0
IS,CZ,2
IE,CZ,0
IL,CZ,0
IT,CZ,0
LV,CZ,0
LT,CZ,0
MT,CZ,0
MD,CZ,2
ME,CZ,0
NL,CZ,0
MK,CZ,0
NO,CZ,0
PL,CZ,1
PT,CZ,0
RO,CZ,0
RU,CZ,0
SM,CZ,0
RS,CZ,0
SI,CZ,0
ES,CZ,0
SE,CZ,0
CH,CZ,0
GB,CZ,0
AL,DK,0
AM,DK,0
AU,DK,0
AT,DK,0
AZ,DK,0
BY,DK,0
BE,DK,0
HR,DK,0
CY,DK,0
CZ,DK,0
EE,DK,6
FI,DK,0
FR,DK,4
GE,DK,0
DE,DK,4
GR,DK,0
HU,DK,0
IS,DK,4
IE,DK,0
IL,DK,1
IT,DK,4
LV,DK,0
LT,DK,0
MT,DK,0
MD,DK,0
ME,DK,0
NL,DK,5
MK,DK,0
NO,DK,5
PL,DK,0
PT,DK,1
RO,DK,0
RU,DK,0
SM,DK,0
RS,DK,0
SI,DK,3
ES,DK,0
SE,DK,7
CH,DK,1
GB,DK,6
AL,CY,0
AM,CY,0
AU,CY,0
AT,CY,0
AZ,CY,0
BY,CY,0
BE,CY,0
HR,CY,0
CZ,CY,0
DK,CY,0
EE,CY,0
FI,CY,0
FR,CY,0
GE,CY,12
DE,CY,0
GR,CY,12
HU,CY,0
IS,CY,0
IE,CY,0
IL,CY,0
IT,CY,0
LV,CY,0
LT,CY,0
MT,CY,0
MD,CY,0
ME,CY,0
NL,CY,0
MK,CY,0
NO,CY,0
PL,CY,0
PT,CY,0
RO,CY,0
RU,CY,0
SM,CY,7
RS,CY,0
SI,CY,0
ES,CY,0
SE,CY,0
CH,CY,0
GB,CY,1
AL,MT,0
AM,MT,6
AU,MT,4
AT,MT,0
AZ,MT,4
BY,MT,0
BE,MT,0
HR,MT,0
CY,MT,0
CZ,MT,0
DK,MT,0
EE,MT,0
FI,MT,0
FR,MT,0
GE,MT,0
DE,MT,0
GR,MT,0
HU,MT,0
IS,MT,0
IE,MT,0
IL,MT,0
IT,MT,0
LV,MT,0
LT,MT,0
MD,MT,0
ME,MT,0
NL,MT,0
MK,MT,6
NO,MT,0
PL,MT,0
PT,MT,0
RO,MT,0
RU,MT,0
SM,MT,0
RS,MT,0
SI,MT,0
ES,MT,0
SE,MT,0
CH,MT,0
GB,MT,0
AL,SI,0
AM,SI,0
AU,SI,0
AT,SI,2
AZ,SI,0
BY,SI,5
BE,SI,0
HR,SI,10
CY,SI,0
CZ,SI,0
DK,SI,0
EE,SI,7
FI,SI,1
FR,SI,0
GE,SI,0
DE,SI,3
GR,SI,0
HU,SI,3
IS,SI,0
IE,SI,0
IL,SI,0
IT,SI,0
LV,SI,2
LT,SI,0
MT,SI,0
MD,SI,0
ME,SI,4
NL,SI,0
MK,SI,2
NO,SI,0
PL,SI,4
PT,SI,0
RO,SI,0
RU,SI,6
SM,SI,0
RS,SI,10
ES,SI,0
SE,SI,0
CH,SI,0
GB,SI,0
AL,FR,0
AM,FR,4
AU,FR,3
AT,FR,0
AZ,FR,0
BY,FR,0
BE,FR,10
HR,FR,0
CY,FR,3
CZ,FR,0
DK,FR,0
EE,FR,0
FI,FR,0
GE,FR,0
DE,FR,0
GR,FR,1
HU,FR,1
IS,FR,0
IE,FR,0
IL,FR,4
IT,FR,2
LV,FR,0
LT,FR,0
MT,FR,0
MD,FR,0
ME,FR,0
NL,FR,0
MK,FR,0
NO,FR,0
PL,FR,0
PT,FR,2
RO,FR,1
RU,FR,0
SM,FR,0
RS,FR,0
SI,FR,0
ES,FR,4
SE,FR,0
CH,FR,3
GB,FR,0
AM,AL,0
AU,AL,0
AT,AL,0
AZ,AL,0
BY,AL,0
BE,AL,0
HR,AL,1
CY,AL,0
CZ,AL,0
DK,AL,0
EE,AL,0
FI,AL,0
FR,AL,0
GE,AL,0
DE,AL,0
GR,AL,5
HU,AL,0
IS,AL,0
IE,AL,0
IL,AL,0
IT,AL,12
LV,AL,0
LT,AL,0
MT,AL,0
MD,AL,0
ME,AL,7
NL,AL,0
MK,AL,12
NO,AL,0
PL,AL,0
PT,AL,0
RO,AL,0
RU,AL,0
SM,AL,0
RS,AL,0
SI,AL,0
ES,AL,0
SE,AL,0
CH,AL,10
GB,AL,0
AL,RS,0
AM,RS,0
AU,RS,0
AT,RS,4
AZ,RS,0
BY,RS,0
BE,RS,0
HR,RS,8
CY,RS,0
CZ,RS,0
DK,RS,0
EE,RS,0
FI,RS,0
FR,RS,0
GE,RS,0
DE,RS,0
GR,RS,0
HU,RS,0
IS,RS,0
IE,RS,0
IL,RS,0
IT,RS,0
LV,RS,0
LT,RS,0
MT,RS,0
MD,RS,0
ME,RS,12
NL,RS,0
MK,RS,10
NO,RS,0
PL,RS,0
PT,RS,0
RO,RS,0
RU,RS,3
SM,RS,0
SI,RS,10
ES,RS,0
SE,RS,0
CH,RS,7
GB,RS,0
AL,SM,10
AM,SM,0
AU,SM,0
AT,SM,0
AZ,SM,10
BY,SM,1
BE,SM,0
HR,SM,2
CY,SM,0
CZ,SM,0
DK,SM,0
EE,SM,0
FI,SM,0
FR,SM,0
GE,SM,10
DE,SM,0
GR,SM,0
HU,SM,6
IS,SM,1
IE,SM,0
IL,SM,0
IT,SM,0
LV,SM,0
LT,SM,0
MT,SM,0
MD,SM,8
ME,SM,8
NL,SM,0
MK,SM,8
NO,SM,0
PL,SM,0
PT,SM,0
RO,SM,0
RU,SM,0
RS,SM,1
SI,SM,0
ES,SM,0
SE,SM,0
CH,SM,0
GB,SM,0
AL,EE,0
AM,EE,0
AU,EE,0
AT,EE,0
AZ,EE,0
BY,EE,0
BE,EE,0
HR,EE,0
CY,EE,0
CZ,EE,1
DK,EE,8
FI,EE,8
FR,EE,0
GE,EE,0
DE,EE,0
GR,EE,0
HU,EE,0
IS,EE,3
IE,EE,1
IL,EE,0
IT,EE,0
LV,EE,10
LT,EE,4
MT,EE,0
MD,EE,0
ME,EE,0
NL,EE,0
MK,EE,0
NO,EE,2
PL,EE,0
PT,EE,0
RO,EE,0
RU,EE,0
SM,EE,0
RS,EE,0
SI,EE,1
ES,EE,0
SE,EE,10
CH,EE,0
GB,EE,0
AL,GR,2
AM,GR,0
AU,GR,0
AT,GR,0
AZ,GR,0
BY,GR,0
BE,GR,0
HR,GR,0
CY,GR,12
CZ,GR,0
DK,GR,0
EE,GR,0
FI,GR,0
FR,GR,0
GE,GR,0
DE,GR,0
HU,GR,0
IS,GR,0
IE,GR,0
IL,GR,0
IT,GR,0
LV,GR,0
LT,GR,0
MT,GR,0
MD,GR,0
ME,GR,0
NL,GR,0
MK,GR,0
NO,GR,0
PL,GR,0
PT,GR,0
RO,GR,0
RU,GR,0
SM,GR,10
RS,GR,0
SI,GR,0
ES,GR,0
SE,GR,0
CH,GR,0
GB,GR,0
AL,ES,0
AM,ES,0
AU,ES,0
AT,ES,0
AZ,ES,2
BY,ES,0
BE,ES,6
HR,ES,0
CY,ES,4
CZ,ES,0
DK,ES,1
EE,ES,0
FI,ES,0
FR,ES,7
GE,ES,0
DE,ES,0
GR,ES,4
HU,ES,0
IS,ES,0
IE,ES,0
IL,ES,5
IT,ES,0
LV,ES,0
LT,ES,0
MT,ES,0
MD,ES,0
ME,ES,0
NL,ES,3
MK,ES,0
NO,ES,0
PL,ES,0
PT,ES,12
RO,ES,0
RU,ES,0
SM,ES,0
RS,ES,2
SI,ES,0
SE,ES,0
CH,ES,5
GB,ES,2
AL,IL,0
AM,IL,0
AU,IL,0
AT,IL,0
AZ,IL,0
BY,IL,0
BE,IL,0
HR,IL,0
CY,IL,5
CZ,IL,3
DK,IL,0
EE,IL,0
FI,IL,0
FR,IL,12
GE,IL,4
DE,IL,0
GR,IL,0
HU,IL,0
IS,IL,0
IE,IL,0
IT,IL,0
LV,IL,0
LT,IL,0
MT,IL,0
MD,IL,7
ME,IL,0
NL,IL,0
MK,IL,0
NO,IL,0
PL,IL,0
PT,IL,0
RO,IL,3
RU,IL,0
SM,IL,1
RS,IL,0
SI,IL,0
ES,IL,0
SE,IL,0
CH,IL,0
GB,IL,0
AL,BY,0
AM,BY,0
AU,BY,0
AT,BY,0
AZ,BY,5
BE,BY,0
HR,BY,0
CY,BY,0
CZ,BY,0
DK,BY,0
EE,BY,0
FI,BY,0
FR,BY,0
GE,BY,0
DE,BY,0
GR,BY,0
HU,BY,0
IS,BY,0
IE,BY,0
IL,BY,0
IT,BY,0
LV,BY,0
LT,BY,0
MT,BY,0
MD,BY,0
ME,BY,0
NL,BY,0
MK,BY,0
NO,BY,0
PL,BY,0
PT,BY,0
RO,BY,0
RU,BY,8
SM,BY,0
RS,BY,0
SI,BY,0
ES,BY,0
SE,BY,0
CH,BY,0
GB,BY,0
AL,DE,0
AM,DE,0
AU,DE,0
AT,DE,0
AZ,DE,0
BY,DE,0
BE,DE,0
HR,DE,0
CY,DE,0
CZ,DE,0
DK,DE,0
EE,DE,0
FI,DE,0
FR,DE,0
GE,DE,0
GR,DE,0
HU,DE,0
IS,DE,0
IE,DE,0
IL,DE,0
IT,DE,0
LV,DE,0
LT,DE,0
MT,DE,0
MD,DE,0
ME,DE,0
NL,DE,0
MK,DE,0
NO,DE,0
PL,DE,0
PT,DE,0
RO,DE,0
RU,DE,0
SM,DE,0
RS,DE,0
SI,DE,0
ES,DE,0
SE,DE,0
CH,DE,0
GB,DE,0
AL,GB,0
AM,GB,0
AU,GB,0
AT,GB,0
AZ,GB,0
BY,GB,0
BE,GB,0
HR,GB,0
CY,GB,0
CZ,GB,0
DK,GB,0
EE,GB,0
FI,GB,0
FR,GB,0
GE,GB,0
DE,GB,0
GR,GB,0
HU,GB,0
IS,GB,0
IE,GB,3
IL,GB,0
IT,GB,0
LV,GB,0
LT,GB,0
MT,GB,0
MD,GB,0
ME,GB,0
NL,GB,0
MK,GB,0
NO,GB,0
PL,GB,0
PT,GB,0
RO,GB,0
RU,GB,0
SM,GB,0
RS,GB,0
SI,GB,0
ES,GB,0
SE,GB,0
CH,GB,0
AL,IT,10
AU,IT,7
AT,IT,8
AZ,IT,10
BE,IT,8
BG,IT,12
HR,IT,10
CY,IT,10
CZ,IT,6
DK,IT,5
EE,IT,8
FI,IT,8
FR,IT,10
GE,IT,8
DE,IT,7
GR,IT,10
IS,IT,5
IE,IT,6
IL,IT,7
LV,IT,7
LT,IT,10
MT,IT,12
MD,IT,8
NL,IT,2
MK,IT,8
NO,IT,7
PL,IT,10
PT,IT,7
RO,IT,10
RU,IT,10
SM,IT,12
RS,IT,12
SI,IT,10
ES,IT,10
SE,IT,3
CH,IT,10
UA,IT,12
GB,IT,3
AL,FR,6
AU,FR,4
AT,FR,6
AZ,FR,2
BE,FR,12
BG,FR,10
HR,FR,7
CY,FR,8
CZ,FR,2
DK,FR,3
EE,FR,7
FI,FR,6
GE,FR,5
DE,FR,10
GR,FR,8
IS,FR,7
IE,FR,7
IL,FR,8
IT,FR,1
LV,FR,3
LT,FR,8
MT,FR,3
MD,FR,6
NL,FR,12
MK,FR,5
NO,FR,4
PL,FR,5
PT,FR,12
RO,FR,8
RU,FR,6
SM,FR,10
RS,FR,10
SI,FR,6
ES,FR,12
SE,FR,6
CH,FR,6
UA,FR,5
GB,FR,5
AL,CH,12
AU,CH,5
AT,CH,5
AZ,CH,4
BE,CH,4
BG,CH,3
HR,CH,5
CY,CH,0
CZ,CH,3
DK,CH,6
EE,CH,2
FI,CH,7
FR,CH,6
GE,CH,0
DE,CH,2
GR,CH,4
IS,CH,6
IE,CH,3
IL,CH,6
IT,CH,0
LV,CH,4
LT,CH,6
MT,CH,0
MD,CH,4
NL,CH,7
MK,CH,7
NO,CH,2
PL,CH,7
PT,CH,6
RO,CH,5
RU,CH,5
SM,CH,3
RS,CH,1
SI,CH,5
ES,CH,7
SE,CH,5
UA,CH,7
GB,CH,1
AL,IS,0
AU,IS,12
AT,IS,10
AZ,IS,0
BE,IS,5
BG,IS,0
HR,IS,4
CY,IS,0
CZ,IS,7
DK,IS,12
EE,IS,3
FI,IS,12
FR,IS,4
GE,IS,1
DE,IS,6
GR,IS,0
IE,IS,10
IL,IS,1
IT,IS,6
LV,IS,5
LT,IS,3
MT,IS,5
MD,IS,0
NL,IS,8
MK,IS,0
NO,IS,10
PL,IS,8
PT,IS,3
RO,IS,0
RU,IS,1
SM,IS,0
RS,IS,5
SI,IS,3
ES,IS,5
SE,IS,10
CH,IS,5
UA,IS,6
GB,IS,10
AL,UA,4
AU,UA,10
AT,UA,7
AZ,UA,8
BE,UA,10
BG,UA,6
HR,UA,8
CY,UA,6
CZ,UA,10
DK,UA,1
EE,UA,5
FI,UA,10
FR,UA,12
GE,UA,6
DE,UA,4
GR,UA,5
IS,UA,8
IE,UA,8
IL,UA,12
IT,UA,12
LV,UA,6
LT,UA,12
MT,UA,1
MD,UA,10
NL,UA,5
MK,UA,4
NO,UA,5
PL,UA,12
PT,UA,10
RO,UA,7
RU,UA,7
SM,UA,5
RS,UA,8
SI,UA,7
ES,UA,6
SE,UA,4
CH,UA,2
GB,UA,4
AL,FI,3
AU,FI,3
AT,FI,4
AZ,FI,5
BE,FI,6
BG,FI,8
HR,FI,6
CY,FI,4
CZ,FI,4
DK,FI,7
EE,FI,12
FR,FI,1
GE,FI,0
DE,FI,8
GR,FI,6
IS,FI,12
IE,FI,5
IL,FI,4
IT,FI,8
LV,FI,8
LT,FI,7
MT,FI,7
MD,FI,5
NL,FI,4
MK,FI,2
NO,FI,6
PL,FI,6
PT,FI,5
RO,FI,6
RU,FI,8
SM,FI,4
RS,FI,7
SI,FI,4
ES,FI,2
SE,FI,12
CH,FI,4
UA,FI,8
GB,FI,7
AL,MT,0
AU,MT,8
AT,MT,2
AZ,MT,0
BE,MT,2
BG,MT,0
HR,MT,0
CY,MT,1
CZ,MT,0
DK,MT,2
EE,MT,0
FI,MT,0
FR,MT,0
GE,MT,0
DE,MT,0
GR,MT,3
IS,MT,3
IE,MT,4
IL,MT,5
IT,MT,0
LV,MT,0
LT,MT,0
MD,MT,0
NL,MT,1
MK,MT,0
NO,MT,3
PL,MT,0
PT,MT,0
RO,MT,2
RU,MT,0
SM,MT,0
RS,MT,0
SI,MT,0
ES,MT,3
SE,MT,2
CH,MT,0
UA,MT,0
GB,MT,6
AL,LT,0
AU,LT,6
AT,LT,3
AZ,LT,0
BE,LT,7
BG,LT,0
HR,LT,0
CY,LT,5
CZ,LT,1
DK,LT,4
EE,LT,10
FI,LT,5
FR,LT,0
GE,LT,10
DE,LT,12
GR,LT,0
IS,LT,4
IE,LT,12
IL,LT,3
IT,LT,5
LV,LT,12
MT,LT,6
MD,LT,2
NL,LT,3
MK,LT,0
NO,LT,12
PL,LT,4
PT,LT,0
RO,LT,3
RU,LT,2
SM,LT,0
RS,LT,0
SI,LT,0
ES,LT,4
SE,LT,7
CH,LT,1
UA,LT,10
GB,LT,12
AL,RU,0
AU,RU,0
AT,RU,0
AZ,RU,6
BE,RU,0
BG,RU,7
HR,RU,3
CY,RU,3
CZ,RU,5
DK,RU,0
EE,RU,6
FI,RU,1
FR,RU,0
GE,RU,4
DE,RU,5
GR,RU,1
IS,RU,0
IE,RU,0
IL,RU,10
IT,RU,7
LV,RU,10
LT,RU,4
MT,RU,0
MD,RU,12
NL,RU,0
MK,RU,1
NO,RU,0
PL,RU,2
PT,RU,1
RO,RU,0
SM,RU,1
RS,RU,6
SI,RU,1
ES,RU,0
SE,RU,0
CH,RU,0
UA,RU,4
GB,RU,0
AL,GR,8
AU,GR,0
AT,GR,0
AZ,GR,0
BE,GR,0
BG,GR,2
HR,GR,0
CY,GR,12
CZ,GR,8
DK,GR,0
EE,GR,0
FI,GR,0
FR,GR,0
GE,GR,12
DE,GR,0
IS,GR,0
IE,GR,0
IL,GR,0
IT,GR,0
LV,GR,0
LT,GR,0
MT,GR,0
MD,GR,7
NL,GR,10
MK,GR,0
NO,GR,0
PL,GR,0
PT,GR,2
RO,GR,0
RU,GR,0
SM,GR,7
RS,GR,3
SI,GR,8
ES,GR,0
SE,GR,0
CH,GR,0
UA,GR,0
GB,GR,0
AL,BG,5
AU,BG,0
AT,BG,0
AZ,BG,0
BE,BG,0
HR,BG,0
CY,BG,7
CZ,BG,0
DK,BG,0
EE,BG,0
FI,BG,0
FR,BG,0
GE,BG,0
DE,BG,0
GR,BG,0
IS,BG,0
IE,BG,0
IL,BG,0
IT,BG,0
LV,BG,0
LT,BG,0
MT,BG,0
MD,BG,0
NL,BG,0
MK,BG,0
NO,BG,0
PL,BG,0
PT,BG,0
RO,BG,0
RU,BG,0
SM,BG,2
RS,BG,0
SI,BG,0
ES,BG,8
SE,BG,0
CH,BG,0
UA,BG,0
GB,BG,8
AL,PT,0
AU,PT,0
AT,PT,0
AZ,PT,0
BE,PT,0
BG,PT,0
HR,PT,0
CY,PT,0
CZ,PT,0
DK,PT,0
EE,PT,0
FI,PT,0
FR,PT,8
GE,PT,0
DE,PT,0
GR,PT,0
IS,PT,2
IE,PT,2
IL,PT,0
IT,PT,0
LV,PT,0
LT,PT,0
MT,PT,0
MD,PT,0
NL,PT,6
MK,PT,0
NO,PT,0
PL,PT,0
RO,PT,0
RU,PT,0
SM,PT,0
RS,PT,0
SI,PT,0
ES,PT,1
SE,PT,0
CH,PT,8
UA,PT,0
GB,PT,0
AL,MD,7
AU,MD,0
AT,MD,0
AZ,MD,1
BE,MD,0
BG,MD,0
HR,MD,0
CY,MD,0
CZ,MD,12
DK,MD,0
EE,MD,0
FI,MD,2
FR,MD,7
GE,MD,2
DE,MD,0
GR,MD,0
IS,MD,0
IE,MD,0
IL,MD,0
IT,MD,2
LV,MD,0
LT,MD,0
MT,MD,0
NL,MD,0
MK,MD,0
NO,MD,0
PL,MD,0
PT,MD,8
RO,MD,12
RU,MD,3
SM,MD,6
RS,MD,0
SI,MD,0
ES,MD,0
SE,MD,0
CH,MD,0
UA,MD,0
GB,MD,0
AL,SE,1
AU,SE,0
AT,SE,0
AZ,SE,0
BE,SE,3
BG,SE,1
HR,SE,0
CY,SE,0
CZ,SE,0
DK,SE,10
EE,SE,1
FI,SE,3
FR,SE,2
GE,SE,0
DE,SE,0
GR,SE,0
IS,SE,10
IE,SE,1
IL,SE,0
IT,SE,0
LV,SE,1
LT,SE,1
MT,SE,8
MD,SE,3
NL,SE,0
MK,SE,0
NO,SE,8
PL,SE,1
PT,SE,4
RO,SE,0
RU,SE,0
SM,SE,0
RS,SE,0
SI,SE,0
ES,SE,0
CH,SE,3
UA,SE,2
GB,SE,0
AL,RS,0
AU,RS,2
AT,RS,12
AZ,RS,0
BE,RS,0
BG,RS,5
HR,RS,12
CY,RS,0
CZ,RS,0
DK,RS,0
EE,RS,0
FI,RS,0
FR,RS,3
GE,RS,0
DE,RS,3
GR,RS,0
IS,RS,0
IE,RS,0
IL,RS,0
IT,RS,4
LV,RS,0
LT,RS,0
MT,RS,4
MD,RS,0
NL,RS,0
MK,RS,12
NO,RS,0
PL,RS,0
PT,RS,0
RO,RS,0
RU,RS,0
SM,RS,0
SI,RS,12
ES,RS,0
SE,RS,1
CH,RS,12
UA,RS,0
GB,RS,0
AL,CY,2
AU,CY,0
AT,CY,0
AZ,CY,0
BE,CY,0
BG,CY,0
HR,CY,0
CZ,CY,0
DK,CY,0
EE,CY,0
FI,CY,0
FR,CY,0
GE,CY,0
DE,CY,0
GR,CY,12
IS,CY,0
IE,CY,0
IL,CY,0
IT,CY,0
LV,CY,0
LT,CY,0
MT,CY,2
MD,CY,0
NL,CY,0
MK,CY,6
NO,CY,0
PL,CY,0
PT,CY,0
RO,CY,0
RU,CY,12
SM,CY,8
RS,CY,2
SI,CY,0
ES,CY,0
SE,CY,0
CH,CY,0
UA,CY,0
GB,CY,0
AL,IL,0
AU,IL,0
AT,IL,0
AZ,IL,12
BE,IL,0
BG,IL,0
HR,IL,0
CY,IL,2
CZ,IL,0
DK,IL,0
EE,IL,0
FI,IL,0
FR,IL,5
GE,IL,0
DE,IL,0
GR,IL,0
IS,IL,0
IE,IL,0
IT,IL,0
LV,IL,0
LT,IL,0
MT,IL,0
MD,IL,0
NL,IL,0
MK,IL,0
NO,IL,0
PL,IL,0
PT,IL,0
RO,IL,1
RU,IL,0
SM,IL,0
RS,IL,0
SI,IL,0
ES,IL,0
SE,IL,0
CH,IL,0
UA,IL,0
GB,IL,0
AL,NO,0
AU,NO,1
AT,NO,1
AZ,NO,7
BE,NO,1
BG,NO,0
HR,NO,0
CY,NO,0
CZ,NO,0
DK,NO,8
EE,NO,4
FI,NO,4
FR,NO,0
GE,NO,0
DE,NO,1
GR,NO,0
IS,NO,1
IE,NO,0
IL,NO,0
IT,NO,0
LV,NO,2
LT,NO,5
MT,NO,10
MD,NO,0
NL,NO,0
MK,NO,0
PL,NO,3
PT,NO,0
RO,NO,0
RU,NO,0
SM,NO,0
RS,NO,0
SI,NO,2
ES,NO,0
SE,NO,8
CH,NO,0
UA,NO,0
GB,NO,2
AL,BE,0
AU,BE,0
AT,BE,0
AZ,BE,0
BG,BE,0
HR,BE,0
CY,BE,0
CZ,BE,0
DK,BE,0
EE,BE,0
FI,BE,0
FR,BE,0
GE,BE,0
DE,BE,0
GR,BE,0
IS,BE,0
IE,BE,0
IL,BE,0
IT,BE,0
LV,BE,0
LT,BE,2
MT,BE,0
MD,BE,0
NL,BE,0
MK,BE,0
NO,BE,0
PL,BE,0
PT,BE,0
RO,BE,0
RU,BE,0
SM,BE,0
RS,BE,0
SI,BE,0
ES,BE,0
SE,BE,0
CH,BE,0
UA,BE,1
GB,BE,0
AL,AZ,0
AU,AZ,0
AT,AZ,0
BE,AZ,0
BG,AZ,4
HR,AZ,2
CY,AZ,0
CZ,AZ,0
DK,AZ,0
EE,AZ,0
FI,AZ,0
FR,AZ,0
GE,AZ,3
DE,AZ,0
GR,AZ,2
IS,AZ,0
IE,AZ,0
IL,AZ,2
IT,AZ,0
LV,AZ,0
LT,AZ,0
MT,AZ,0
MD,AZ,1
NL,AZ,0
MK,AZ,3
NO,AZ,1
PL,AZ,0
PT,AZ,0
RO,AZ,4
RU,AZ,4
SM,AZ,0
RS,AZ,4
SI,AZ,0
ES,AZ,0
SE,AZ,0
CH,AZ,0
UA,AZ,3
GB,AZ,0
AU,AL,0
AT,AL,0
AZ,AL,0
BE,AL,0
BG,AL,0
HR,AL,1
CY,AL,0
CZ,AL,0
DK,AL,0
EE,AL,0
FI,AL,0
FR,AL,0
GE,AL,0
DE,AL,0
GR,AL,7
IS,AL,0
IE,AL,0
IL,AL,0
IT,AL,10
LV,AL,0
LT,AL,0
MT,AL,0
MD,AL,0
NL,AL,0
MK,AL,10
NO,AL,0
PL,AL,0
PT,AL,0
RO,AL,0
RU,AL,0
SM,AL,0
RS,AL,0
SI,AL,0
ES,AL,0
SE,AL,0
CH,AL,7
UA,AL,0
GB,AL,0
AL,SM,0
AU,SM,0
AT,SM,0
AZ,SM,3
BE,SM,0
BG,SM,0
HR,SM,0
CY,SM,0
CZ,SM,0
DK,SM,0
EE,SM,0
FI,SM,0
FR,SM,0
GE,SM,7
DE,SM,0
GR,SM,0
IS,SM,0
IE,SM,0
IL,SM,0
IT,SM,3
LV,SM,0
LT,SM,0
MT,SM,0
MD,SM,0
NL,SM,0
MK,SM,0
NO,SM,0
PL,SM,0
PT,SM,0
RO,SM,0
RU,SM,0
RS,SM,0
SI,SM,0
ES,SM,0
SE,SM,0
CH,SM,0
UA,SM,0
GB,SM,0
AL,NL,0
AU,NL,0
AT,NL,0
AZ,NL,0
BE,NL,0
BG,NL,0
HR,NL,0
CY,NL,0
CZ,NL,0
DK,NL,0
EE,NL,0
FI,NL,0
FR,NL,0
GE,NL,0
DE,NL,0
GR,NL,0
IS,NL,0
IE,NL,0
IL,NL,0
IT,NL,0
LV,NL,0
LT,NL,0
MT,NL,0
MD,NL,0
MK,NL,0
NO,NL,0
PL,NL,0
PT,NL,0
RO,NL,0
RU,NL,0
SM,NL,0
RS,NL,0
SI,NL,0
ES,NL,0
SE,NL,0
CH,NL,0
UA,NL,0
GB,NL,0
AL,ES,0
AU,ES,0
AT,ES,0
AZ,ES,0
BE,ES,0
BG,ES,0
HR,ES,0
CY,ES,0
CZ,ES,0
DK,ES,0
EE,ES,0
FI,ES,0
FR,ES,0
GE,ES,0
DE,ES,0
GR,ES,0
IS,ES,0
IE,ES,0
IL,ES,0
IT,ES,0
LV,ES,0
LT,ES,0
MT,ES,0
MD,ES,0
NL,ES,0
MK,ES,0
NO,ES,0
PL,ES,0
PT,ES,0
RO,ES,0
RU,ES,0
SM,ES,0
RS,ES,0
SI,ES,0
SE,ES,0
CH,ES,0
UA,ES,0
GB,ES,0
AL,DE,0
AU,DE,0
AT,DE,0
AZ,DE,0
BE,DE,0
BG,DE,0
HR,DE,0
CY,DE,0
CZ,DE,0
DK,DE,0
EE,DE,0
FI,DE,0
FR,DE,0
GE,DE,0
GR,DE,0
IS,DE,0
IE,DE,0
IL,DE,0
IT,DE,0
LV,DE,0
LT,DE,0
MT,DE,0
MD,DE,0
NL,DE,0
MK,DE,0
NO,DE,0
PL,DE,0
PT,DE,0
RO,DE,0
RU,DE,0
SM,DE,0
RS,DE,0
SI,DE,0
ES,DE,0
SE,DE,0
CH,DE,0
UA,DE,0
GB,DE,0
AL,GB,0
AU,GB,0
AT,GB,0
AZ,GB,0
BE,GB,0
BG,GB,0
HR,GB,0
CY,GB,0
CZ,GB,0
DK,GB,0
EE,GB,0
FI,GB,0
FR,GB,0
GE,GB,0
DE,GB,0
GR,GB,0
IS,GB,0
IE,GB,0
IL,GB,0
IT,GB,0
LV,GB,0
LT,GB,0
MT,GB,0
MD,GB,0
NL,GB,0
MK,GB,0
NO,GB,0
PL,GB,0
PT,GB,0
RO,GB,0
RU,GB,0
SM,GB,0
RS,GB,0
SI,GB,0
ES,GB,0
SE,GB,0
CH,GB,0
UA,GB,0
AL,UA,10
AM,UA,10
AU,UA,12
AT,UA,12
AZ,UA,12
BE,UA,12
BG,UA,12
HR,UA,10
CY,UA,12
CZ,UA,12
DK,UA,12
EE,UA,12
FI,UA,12
FR,UA,12
GE,UA,12
DE,UA,12
GR,UA,10
IS,UA,12
IE,UA,12
IL,UA,12
IT,UA,12
LV,UA,12
LT,UA,12
MT,UA,8
MD,UA,12
ME,UA,10
NL,UA,12
MK,UA,8
NO,UA,12
PL,UA,12
PT,UA,12
RO,UA,10
SM,UA,12
RS,UA,7
SI,UA,10
ES,UA,12
SE,UA,12
CH,UA,10
GB,UA,12
AL,GB,4
AM,GB,1
AU,GB,7
AT,GB,8
AZ,GB,8
BE,GB,3
BG,GB,3
HR,GB,0
CY,GB,6
CZ,GB,2
DK,GB,6
EE,GB,5
FI,GB,4
FR,GB,2
GE,GB,4
DE,GB,6
GR,GB,5
IS,GB,7
IE,GB,6
IL,GB,10
IT,GB,6
LV,GB,3
LT,GB,4
MT,GB,12
MD,GB,3
ME,GB,0
NL,GB,8
MK,GB,0
NO,GB,6
PL,GB,3
PT,GB,6
RO,GB,3
SM,GB,6
RS,GB,0
SI,GB,0
ES,GB,8
SE,GB,6
CH,GB,5
UA,GB,7
AL,ES,7
AM,ES,8
AU,ES,6
AT,ES,1
AZ,ES,10
BE,ES,6
BG,ES,8
HR,ES,7
CY,ES,8
CZ,ES,6
DK,ES,1
EE,ES,1
FI,ES,3
FR,ES,7
GE,ES,6
DE,ES,2
GR,ES,12
IS,ES,3
IE,ES,5
IL,ES,8
IT,ES,0
LV,ES,4
LT,ES,6
MT,ES,7
MD,ES,8
ME,ES,8
NL,ES,7
MK,ES,10
NO,ES,1
PL,ES,6
PT,ES,10
RO,ES,8
SM,ES,10
RS,ES,10
SI,ES,4
SE,ES,2
CH,ES,6
UA,ES,1
GB,ES,5
AL,SE,0
AM,SE,7
AU,SE,5
AT,SE,6
AZ,SE,4
BE,SE,5
BG,SE,0
HR,SE,4
CY,SE,0
CZ,SE,5
DK,SE,10
EE,SE,10
FI,SE,8
FR,SE,0
GE,SE,0
DE,SE,5
GR,SE,4
IS,SE,8
IE,SE,3
IL,SE,5
IT,SE,5
LV,SE,6
LT,SE,10
MT,SE,5
MD,SE,5
ME,SE,1
NL,SE,2
MK,SE,4
NO,SE,8
PL,SE,10
PT,SE,7
RO,SE,6
SM,SE,3
RS,SE,1
SI,SE,5
ES,SE,6
CH,SE,3
UA,SE,0
GB,SE,4
AL,RS,3
AM,RS,6
AU,RS,8
AT,RS,10
AZ,RS,6
BE,RS,2
BG,RS,10
HR,RS,12
CY,RS,7
CZ,RS,10
DK,RS,0
EE,RS,0
FI,RS,7
FR,RS,8
GE,RS,7
DE,RS,7
GR,RS,8
IS,RS,1
IE,RS,1
IL,RS,7
IT,RS,7
LV,RS,2
LT,RS,0
MT,RS,6
MD,RS,0
ME,RS,12
NL,RS,3
MK,RS,12
NO,RS,3
PL,RS,5
PT,RS,5
RO,RS,7
SM,RS,8
SI,RS,12
ES,RS,2
SE,RS,8
CH,RS,12
UA,RS,0
GB,RS,1
AL,IT,8
AM,IT,0
AU,IT,1
AT,IT,3
AZ,IT,5
BE,IT,4
BG,IT,2
HR,IT,6
CY,IT,5
CZ,IT,0
DK,IT,0
EE,IT,0
FI,IT,0
FR,IT,3
GE,IT,0
DE,IT,3
GR,IT,7
IS,IT,0
IE,IT,0
IL,IT,3
LV,IT,0
LT,IT,3
MT,IT,10
MD,IT,0
ME,IT,6
NL,IT,0
MK,IT,6
NO,IT,0
PL,IT,0
PT,IT,3
RO,IT,4
SM,IT,5
RS,IT,4
SI,IT,6
ES,IT,5
SE,IT,0
CH,IT,8
UA,IT,0
GB,IT,0
AL,MD,1
AM,MD,5
AU,MD,4
AT,MD,7
AZ,MD,0
BE,MD,8
BG,MD,7
HR,MD,8
CY,MD,0
CZ,MD,8
DK,MD,5
EE,MD,6
FI,MD,5
FR,MD,10
GE,MD,8
DE,MD,10
GR,MD,3
IS,MD,6
IE,MD,7
IL,MD,6
IT,MD,10
LV,MD,7
LT,MD,5
MT,MD,0
ME,MD,7
NL,MD,10
MK,MD,7
NO,MD,4
PL,MD,7
PT,MD,8
RO,MD,12
SM,MD,4
RS,MD,12
SI,MD,7
ES,MD,7
SE,MD,0
CH,MD,4
UA,MD,6
GB,MD,8
AL,GR,12
AM,GR,3
AU,GR,0
AT,GR,0
AZ,GR,3
BE,GR,0
BG,GR,6
HR,GR,0
CY,GR,10
CZ,GR,0
DK,GR,0
EE,GR,0
FI,GR,0
FR,GR,0
GE,GR,1
DE,GR,0
IS,GR,0
IE,GR,0
IL,GR,0
IT,GR,0
LV,GR,0
LT,GR,0
MT,GR,0
MD,GR,0
ME,GR,0
NL,GR,0
MK,GR,0
NO,GR,7
PL,GR,0
PT,GR,0
RO,GR,0
SM,GR,7
RS,GR,0
SI,GR,8
ES,GR,0
SE,GR,0
CH,GR,0
UA,GR,0
GB,GR,0
AL,PT,0
AM,PT,4
AU,PT,0
AT,PT,0
AZ,PT,0
BE,PT,1
BG,PT,0
HR,PT,0
CY,PT,0
CZ,PT,0
DK,PT,0
EE,PT,0
FI,PT,0
FR,PT,6
GE,PT,0
DE,PT,0
GR,PT,0
IS,PT,0
IE,PT,0
IL,PT,0
IT,PT,1
LV,PT,0
LT,PT,7
MT,PT,0
MD,PT,0
ME,PT,5
NL,PT,0
MK,PT,0
NO,PT,0
PL,PT,1
RO,PT,0
SM,PT,0
RS,PT,0
SI,PT,0
ES,PT,4
SE,PT,0
CH,PT,7
UA,PT,0
GB,PT,0
AL,NO,0
AM,NO,0
AU,NO,10
AT,NO,5
AZ,NO,7
BE,NO,0
BG,NO,1
HR,NO,5
CY,NO,0
CZ,NO,3
DK,NO,8
EE,NO,4
FI,NO,6
FR,NO,0
GE,NO,0
DE,NO,1
GR,NO,6
IS,NO,10
IE,NO,4
IL,NO,4
IT,NO,4
LV,NO,5
LT,NO,2
MT,NO,4
MD,NO,6
ME,NO,2
NL,NO,5
MK,NO,2
PL,NO,4
PT,NO,2
RO,NO,2
SM,NO,2
RS,NO,8
SI,NO,3
ES,NO,3
SE,NO,10
CH,NO,0
UA,NO,2
GB,NO,6
AL,NL,6
AM,NL,0
AU,NL,0
AT,NL,0
AZ,NL,0
BE,NL,10
BG,NL,0
HR,NL,0
CY,NL,0
CZ,NL,0
DK,NL,0
EE,NL,3
FI,NL,0
FR,NL,0
GE,NL,0
DE,NL,4
GR,NL,0
IS,NL,5
IE,NL,0
IL,NL,2
IT,NL,2
LV,NL,0
LT,NL,1
MT,NL,0
MD,NL,0
ME,NL,0
MK,NL,0
NO,NL,0
PL,NL,0
PT,NL,4
RO,NL,0
SM,NL,0
RS,NL,0
SI,NL,1
ES,NL,0
SE,NL,1
CH,NL,0
UA,NL,3
GB,NL,0
AL,PL,0
AM,PL,0
AU,PL,3
AT,PL,4
AZ,PL,1
BE,PL,7
BG,PL,0
HR,PL,0
CY,PL,3
CZ,PL,7
DK,PL,4
EE,PL,0
FI,PL,0
FR,PL,4
GE,PL,0
DE,PL,8
GR,PL,0
IS,PL,4
IE,PL,10
IL,PL,1
IT,PL,3
LV,PL,0
LT,PL,0
MT,PL,2
MD,PL,0
ME,PL,4
NL,PL,6
MK,PL,0
NO,PL,5
PT,PL,0
RO,PL,0
SM,PL,0
RS,PL,0
SI,PL,0
ES,PL,1
SE,PL,5
CH,PL,1
UA,PL,12
GB,PL,10
AL,EE,5
AM,EE,12
AU,EE,0
AT,EE,0
AZ,EE,0
BE,EE,0
BG,EE,0
HR,EE,2
CY,EE,0
CZ,EE,4
DK,EE,3
FI,EE,10
FR,EE,0
GE,EE,0
DE,EE,0
GR,EE,0
IS,EE,0
IE,EE,0
IL,EE,0
IT,EE,0
LV,EE,8
LT,EE,8
MT,EE,0
MD,EE,7
ME,EE,3
NL,EE,1
MK,EE,3
NO,EE,2
PL,EE,8
PT,EE,0
RO,EE,5
SM,EE,0
RS,EE,6
SI,EE,0
ES,EE,0
SE,EE,4
CH,EE,0
UA,EE,5
GB,EE,2
AL,LT,0
AM,LT,2
AU,LT,2
AT,LT,0
AZ,LT,0
BE,LT,0
BG,LT,0
HR,LT,3
CY,LT,2
CZ,LT,0
DK,LT,7
EE,LT,7
FI,LT,2
FR,LT,0
GE,LT,5
DE,LT,0
GR,LT,0
IS,LT,2
IE,LT,8
IL,LT,0
IT,LT,0
LV,LT,10
MT,LT,0
MD,LT,4
ME,LT,0
NL,LT,0
MK,LT,1
NO,LT,10
PL,LT,2
PT,LT,1
RO,LT,0
SM,LT,0
RS,LT,3
SI,LT,2
ES,LT,0
SE,LT,3
CH,LT,0
UA,LT,10
GB,LT,7
AL,AU,0
AM,AU,0
AT,AU,0
AZ,AU,2
BE,AU,0
BG,AU,0
HR,AU,0
CY,AU,0
CZ,AU,0
DK,AU,0
EE,AU,0
FI,AU,0
FR,AU,0
GE,AU,0
DE,AU,0
GR,AU,0
IS,AU,0
IE,AU,0
IL,AU,0
IT,AU,0
LV,AU,0
LT,AU,0
MT,AU,0
MD,AU,0
ME,AU,0
NL,AU,0
MK,AU,0
NO,AU,0
PL,AU,0
PT,AU,0
RO,AU,0
SM,AU,0
RS,AU,0
SI,AU,0
ES,AU,0
SE,AU,0
CH,AU,0
UA,AU,0
GB,AU,0
AL,AZ,0
AM,AZ,0
AU,AZ,0
AT,AZ,0
BE,AZ,0
BG,AZ,0
HR,AZ,0
CY,AZ,0
CZ,AZ,0
DK,AZ,0
EE,AZ,0
FI,AZ,0
FR,AZ,0
GE,AZ,3
DE,AZ,0
GR,AZ,0
IS,AZ,0
IE,AZ,0
IL,AZ,0
IT,AZ,0
LV,AZ,0
LT,AZ,0
MT,AZ,0
MD,AZ,0
ME,AZ,0
NL,AZ,0
MK,AZ,0
NO,AZ,0
PL,AZ,0
PT,AZ,0
RO,AZ,0
SM,AZ,0
RS,AZ,0
SI,AZ,0
ES,AZ,0
SE,AZ,0
CH,AZ,0
UA,AZ,0
GB,AZ,0
AL,CH,0
AM,CH,0
AU,CH,0
AT,CH,0
AZ,CH,0
BE,CH,0
BG,CH,0
HR,CH,0
CY,CH,0
CZ,CH,0
DK,CH,0
EE,CH,0
FI,CH,0
FR,CH,0
GE,CH,0
DE,CH,0
GR,CH,0
IS,CH,0
IE,CH,0
IL,CH,0
IT,CH,0
LV,CH,0
LT,CH,0
MT,CH,0
MD,CH,0
ME,CH,0
NL,CH,0
MK,CH,0
NO,CH,0
PL,CH,0
PT,CH,0
RO,CH,0
SM,CH,0
RS,CH,0
SI,CH,0
ES,CH,0
SE,CH,0
UA,CH,0
GB,CH,0
AL,RO,0
AM,RO,0
AU,RO,0
AT,RO,0
AZ,RO,0
BE,RO,0
BG,RO,4
HR,RO,0
CY,RO,4
CZ,RO,0
DK,RO,0
EE,RO,0
FI,RO,0
FR,RO,1
GE,RO,0
DE,RO,0
GR,RO,2
IS,RO,0
IE,RO,2
IL,RO,0
IT,RO,8
LV,RO,0
LT,RO,0
MT,RO,3
MD,RO,10
ME,RO,0
NL,RO,0
MK,RO,0
NO,RO,0
PL,RO,0
PT,RO,0
SM,RO,1
RS,RO,5
SI,RO,0
ES,RO,10
SE,RO,0
CH,RO,0
UA,RO,0
GB,RO,3
AL,BE,0
AM,BE,0
AU,BE,0
AT,BE,0
AZ,BE,0
BG,BE,0
HR,BE,0
CY,BE,0
CZ,BE,0
DK,BE,0
EE,BE,0
FI,BE,0
FR,BE,0
GE,BE,0
DE,BE,0
GR,BE,0
IS,BE,0
IE,BE,0
IL,BE,0
IT,BE,0
LV,BE,0
LT,BE,0
MT,BE,0
MD,BE,1
ME,BE,0
NL,BE,4
MK,BE,0
NO,BE,0
PL,BE,0
PT,BE,0
RO,BE,0
SM,BE,0
RS,BE,0
SI,BE,0
ES,BE,0
SE,BE,0
CH,BE,0
UA,BE,0
GB,BE,0
AL,AM,0
AU,AM,0
AT,AM,0
AZ,AM,0
BE,AM,0
BG,AM,5
HR,AM,0
CY,AM,1
CZ,AM,0
DK,AM,0
EE,AM,0
FI,AM,0
FR,AM,5
GE,AM,10
DE,AM,0
GR,AM,0
IS,AM,0
IE,AM,0
IL,AM,0
IT,AM,0
LV,AM,0
LT,AM,0
MT,AM,0
MD,AM,0
ME,AM,0
NL,AM,0
MK,AM,0
NO,AM,0
PL,AM,0
PT,AM,0
RO,AM,0
SM,AM,0
RS,AM,0
SI,AM,0
ES,AM,0
SE,AM,0
CH,AM,0
UA,AM,0
GB,AM,0
AL,FI,2
AM,FI,0
AU,FI,0
AT,FI,0
AZ,FI,0
BE,FI,0
BG,FI,0
HR,FI,0
CY,FI,0
CZ,FI,1
DK,FI,0
EE,FI,8
FR,FI,0
GE,FI,2
DE,FI,0
GR,FI,0
IS,FI,0
IE,FI,0
IL,FI,0
IT,FI,0
LV,FI,1
LT,FI,0
MT,FI,1
MD,FI,0
ME,FI,0
NL,FI,0
MK,FI,0
NO,FI,0
PL,FI,0
PT,FI,0
RO,FI,0
SM,FI,0
RS,FI,0
SI,FI,0
ES,FI,0
SE,FI,7
CH,FI,0
UA,FI,4
GB,FI,0
AL,CZ,0
AM,CZ,0
AU,CZ,0
AT,CZ,0
AZ,CZ,0
BE,CZ,0
BG,CZ,0
HR,CZ,0
CY,CZ,0
DK,CZ,0
EE,CZ,0
FI,CZ,0
FR,CZ,0
GE,CZ,0
DE,CZ,0
GR,CZ,0
IS,CZ,0
IE,CZ,0
IL,CZ,0
IT,CZ,0
LV,CZ,0
LT,CZ,0
MT,CZ,0
MD,CZ,0
ME,CZ,0
NL,CZ,0
MK,CZ,5
NO,CZ,0
PL,CZ,0
PT,CZ,0
RO,CZ,0
SM,CZ,0
RS,CZ,0
SI,CZ,0
ES,CZ,0
SE,CZ,0
CH,CZ,0
UA,CZ,0
GB,CZ,0
AL,IS,0
AM,IS,0
AU,IS,0
AT,IS,0
AZ,IS,0
BE,IS,0
BG,IS,0
HR,IS,0
CY,IS,0
CZ,IS,0
DK,IS,2
EE,IS,0
FI,IS,0
FR,IS,0
GE,IS,0
DE,IS,0
GR,IS,0
IE,IS,0
IL,IS,0
IT,IS,0
LV,IS,0
LT,IS,0
MT,IS,0
MD,IS,0
ME,IS,0
NL,IS,0
MK,IS,0
NO,IS,0
PL,IS,0
PT,IS,0
RO,IS,0
SM,IS,0
RS,IS,0
SI,IS,0
ES,IS,0
SE,IS,0
CH,IS,0
UA,IS,8
GB,IS,0
AL,FR,0
AM,FR,0
AU,FR,0
AT,FR,0
AZ,FR,0
BE,FR,0
BG,FR,0
HR,FR,1
CY,FR,0
CZ,FR,0
DK,FR,0
EE,FR,0
FI,FR,1
GE,FR,0
DE,FR,0
GR,FR,1
IS,FR,0
IE,FR,0
IL,FR,0
IT,FR,0
LV,FR,0
LT,FR,0
MT,FR,0
MD,FR,2
ME,FR,0
NL,FR,0
MK,FR,0
NO,FR,0
PL,FR,0
PT,FR,0
RO,FR,1
SM,FR,0
RS,FR,2
SI,FR,0
ES,FR,0
SE,FR,0
CH,FR,0
UA,FR,0
GB,FR,0
AL,DE,0
AM,DE,0
AU,DE,0
AT,DE,2
AZ,DE,0
BE,DE,0
BG,DE,0
HR,DE,0
CY,DE,0
CZ,DE,0
DK,DE,0
EE,DE,2
FI,DE,0
FR,DE,0
GE,DE,0
GR,DE,0
IS,DE,0
IE,DE,0
IL,DE,0
IT,DE,0
LV,DE,0
LT,DE,0
MT,DE,0
MD,DE,0
ME,DE,0
NL,DE,0
MK,DE,0
NO,DE,0
PL,DE,0
PT,DE,0
RO,DE,0
SM,DE,0
RS,DE,0
SI,DE,0
ES,DE,0
SE,DE,0
CH,DE,2
UA,DE,0
GB,DE,0
AL,SE,10
AM,SE,7
AU,SE,10
AT,SE,4
AZ,SE,10
BE,SE,10
HR,SE,2
CY,SE,8
CZ,SE,6
DK,SE,8
EE,SE,10
FI,SE,0
FR,SE,3
GE,SE,7
DE,SE,1
GR,SE,8
IS,SE,10
IE,SE,6
IL,SE,4
IT,SE,3
LV,SE,8
LT,SE,7
MT,SE,10
MD,SE,8
NL,SE,8
NO,SE,10
PL,SE,7
PT,SE,7
RO,SE,8
SM,SE,8
RS,SE,6
SI,SE,4
ES,SE,5
CH,SE,5
UA,SE,3
GB,SE,5
WLD,SE,7
AL,FI,6
AM,FI,6
AU,FI,12
AT,FI,12
AZ,FI,8
BE,FI,12
HR,FI,10
CY,FI,7
CZ,FI,10
DK,FI,12
EE,FI,12
FR,FI,6
GE,FI,8
DE,FI,12
GR,FI,10
IS,FI,12
IE,FI,12
IL,FI,12
IT,FI,6
LV,FI,12
LT,FI,12
MT,FI,8
MD,FI,7
NL,FI,12
NO,FI,12
PL,FI,10
PT,FI,10
RO,FI,10
SM,FI,12
RS,FI,12
SI,FI,10
ES,FI,12
SE,FI,12
CH,FI,8
UA,FI,10
GB,FI,12
WLD,FI,10
AL,IL,5
AM,IL,12
AU,IL,5
AT,IL,1
AZ,IL,12
BE,IL,5
HR,IL,4
CY,IL,12
CZ,IL,8
DK,IL,0
EE,IL,0
FI,IL,0
FR,IL,10
GE,IL,6
DE,IL,0
GR,IL,7
IS,IL,0
IE,IL,1
IT,IL,5
LV,IL,5
LT,IL,3
MT,IL,6
MD,IL,10
NL,IL,6
NO,IL,3
PL,IL,5
PT,IL,5
RO,IL,6
SM,IL,10
RS,IL,7
SI,IL,0
ES,IL,7
SE,IL,0
CH,IL,3
UA,IL,1
GB,IL,3
WLD,IL,12
AL,IT,12
AM,IT,3
AU,IT,0
AT,IT,8
AZ,IT,4
BE,IT,7
HR,IT,8
CY,IT,6
CZ,IT,1
DK,IT,3
EE,IT,2
FI,IT,0
FR,IT,7
GE,IT,5
DE,IT,10
GR,IT,5
IS,IT,1
IE,IT,0
IL,IT,7
LV,IT,0
LT,IT,6
MT,IT,12
MD,IT,5
NL,IT,3
NO,IT,7
PL,IT,0
PT,IT,6
RO,IT,7
SM,IT,7
RS,IT,2
SI,IT,8
ES,IT,6
SE,IT,6
CH,IT,10
UA,IT,0
GB,IT,0
WLD,IT,0
AL,NO,4
AM,NO,4
AU,NO,6
AT,NO,7
AZ,NO,2
BE,NO,8
HR,NO,5
CY,NO,5
CZ,NO,7
DK,NO,10
EE,NO,7
FI,NO,12
FR,NO,1
GE,NO,2
DE,NO,5
GR,NO,6
IS,NO,8
IE,NO,5
IL,NO,10
IT,NO,10
LV,NO,3
LT,NO,0
MT,NO,7
MD,NO,6
NL,NO,7
PL,NO,8
PT,NO,4
RO,NO,5
SM,NO,4
RS,NO,5
SI,NO,5
ES,NO,8
SE,NO,10
CH,NO,2
UA,NO,7
GB,NO,7
WLD,NO,4
AL,UA,0
AM,UA,1
AU,UA,0
AT,UA,5
AZ,UA,7
BE,UA,1
HR,UA,0
CY,UA,10
CZ,UA,12
DK,UA,7
EE,UA,8
FI,UA,0
FR,UA,4
GE,UA,10
DE,UA,7
GR,UA,0
IS,UA,2
IE,UA,7
IL,UA,8
IT,UA,8
LV,UA,7
LT,UA,10
MT,UA,5
MD,UA,12
NL,UA,0
NO,UA,1
PL,UA,12
PT,UA,12
RO,UA,4
SM,UA,6
RS,UA,0
SI,UA,0
ES,UA,10
SE,UA,4
CH,UA,0
GB,UA,4
WLD,UA,5
AL,BE,0
AM,BE,0
AU,BE,3
AT,BE,0
AZ,BE,0
HR,BE,0
CY,BE,0
CZ,BE,0
DK,BE,6
EE,BE,0
FI,BE,0
FR,BE,2
GE,BE,0
DE,BE,2
GR,BE,0
IS,BE,6
IE,BE,3
IL,BE,0
IT,BE,0
LV,BE,0
LT,BE,0
MT,BE,0
MD,BE,0
NL,BE,10
NO,BE,4
PL,BE,0
PT,BE,1
RO,BE,0
SM,BE,0
RS,BE,0
SI,BE,2
ES,BE,3
SE,BE,7
CH,BE,0
UA,BE,0
GB,BE,6
WLD,BE,0
AL,EE,0
AM,EE,0
AU,EE,0
AT,EE,0
AZ,EE,0
BE,EE,0
HR,EE,0
CY,EE,0
CZ,EE,0
DK,EE,0
FI,EE,6
FR,EE,0
GE,EE,0
DE,EE,0
GR,EE,0
IS,EE,0
IE,EE,0
IL,EE,0
IT,EE,0
LV,EE,6
LT,EE,5
MT,EE,0
MD,EE,0
NL,EE,5
NO,EE,0
PL,EE,0
PT,EE,0
RO,EE,0
SM,EE,0
RS,EE,0
SI,EE,0
ES,EE,0
SE,EE,0
CH,EE,0
UA,EE,0
GB,EE,0
WLD,EE,0
AL,AU,0
AM,AU,0
AT,AU,0
AZ,AU,0
BE,AU,0
HR,AU,0
CY,AU,0
CZ,AU,0
DK,AU,0
EE,AU,6
FI,AU,8
FR,AU,0
GE,AU,0
DE,AU,0
GR,AU,0
IS,AU,3
IE,AU,0
IL,AU,0
IT,AU,0
LV,AU,0
LT,AU,0
MT,AU,0
MD,AU,0
NL,AU,1
NO,AU,0
PL,AU,0
PT,AU,0
RO,AU,0
SM,AU,0
RS,AU,0
SI,AU,0
ES,AU,0
SE,AU,1
CH,AU,0
UA,AU,0
GB,AU,2
WLD,AU,0
AL,CZ,0
AM,CZ,0
AU,CZ,0
AT,CZ,0
AZ,CZ,3
BE,CZ,0
HR,CZ,3
CY,CZ,0
DK,CZ,0
EE,CZ,0
FI,CZ,10
FR,CZ,0
GE,CZ,0
DE,CZ,0
GR,CZ,1
IS,CZ,0
IE,CZ,0
IL,CZ,2
IT,CZ,2
LV,CZ,1
LT,CZ,0
MT,CZ,0
MD,CZ,1
NL,CZ,0
NO,CZ,0
PL,CZ,3
PT,CZ,0
RO,CZ,0
SM,CZ,0
RS,CZ,4
SI,CZ,0
ES,CZ,0
SE,CZ,3
CH,CZ,0
UA,CZ,2
GB,CZ,0
WLD,CZ,0
AL,LT,0
AM,LT,0
AU,LT,0
AT,LT,0
AZ,LT,0
BE,LT,0
HR,LT,0
CY,LT,0
CZ,LT,0
DK,LT,0
EE,LT,5
FI,LT,0
FR,LT,0
GE,LT,4
DE,LT,0
GR,LT,0
IS,LT,0
IE,LT,10
IL,LT,0
IT,LT,0
LV,LT,10
MT,LT,0
MD,LT,0
NL,LT,0
NO,LT,0
PL,LT,1
PT,LT,0
RO,LT,0
SM,LT,2
RS,LT,0
SI,LT,0
ES,LT,0
SE,LT,0
CH,LT,0
UA,LT,4
GB,LT,10
WLD,LT,0
AL,CY,7
AM,CY,8
AU,CY,8
AT,CY,0
AZ,CY,6
BE,CY,0
HR,CY,0
CZ,CY,0
DK,CY,2
EE,CY,0
FI,CY,0
FR,CY,0
GE,CY,0
DE,CY,0
GR,CY,12
IS,CY,0
IE,CY,0
IL,CY,0
IT,CY,0
LV,CY,0
LT,CY,0
MT,CY,0
MD,CY,3
NL,CY,0
NO,CY,2
PL,CY,4
PT,CY,0
RO,CY,1
SM,CY,5
RS,CY,0
SI,CY,0
ES,CY,0
SE,CY,0
CH,CY,0
UA,CY,0
GB,CY,0
WLD,CY,0
AL,HR,8
AM,HR,0
AU,HR,4
AT,HR,10
AZ,HR,0
BE,HR,0
CY,HR,0
CZ,HR,4
DK,HR,0
EE,HR,0
FI,HR,4
FR,HR,0
GE,HR,1
DE,HR,6
GR,HR,0
IS,HR,5
IE,HR,2
IL,HR,6
IT,HR,4
LV,HR,4
LT,HR,4
MT,HR,0
MD,HR,0
NL,HR,0
NO,HR,0
PL,HR,6
PT,HR,0
RO,HR,0
SM,HR,0
RS,HR,10
SI,HR,12
ES,HR,0
SE,HR,5
CH,HR,6
UA,HR,8
GB,HR,0
WLD,HR,3
AL,AM,0
AU,AM,0
AT,AM,0
AZ,AM,0
BE,AM,6
HR,AM,0
CY,AM,4
CZ,AM,2
DK,AM,0
EE,AM,0
FI,AM,0
FR,AM,12
GE,AM,12
DE,AM,0
GR,AM,2
IS,AM,0
IE,AM,0
IL,AM,3
IT,AM,0
LV,AM,0
LT,AM,0
MT,AM,0
MD,AM,2
NL,AM,0
NO,AM,0
PL,AM,0
PT,AM,0
RO,AM,0
SM,AM,0
RS,AM,0
SI,AM,0
ES,AM,2
SE,AM,0
CH,AM,0
UA,AM,0
GB,AM,0
WLD,AM,8
AL,AT,0
AM,AT,0
AU,AT,7
AZ,AT,0
BE,AT,0
HR,AT,0
CY,AT,0
CZ,AT,0
DK,AT,0
EE,AT,0
FI,AT,2
FR,AT,0
GE,AT,0
DE,AT,0
GR,AT,0
IS,AT,0
IE,AT,0
IL,AT,0
IT,AT,0
LV,AT,0
LT,AT,0
MT,AT,0
MD,AT,0
NL,AT,4
NO,AT,0
PL,AT,0
PT,AT,0
RO,AT,0
SM,AT,0
RS,AT,3
SI,AT,0
ES,AT,0
SE,AT,0
CH,AT,0
UA,AT,0
GB,AT,0
WLD,AT,0
AL,FR,3
AM,FR,10
AU,FR,2
AT,FR,0
AZ,FR,0
BE,FR,2
HR,FR,0
CY,FR,3
CZ,FR,0
DK,FR,0
EE,FR,0
FI,FR,0
GE,FR,0
DE,FR,0
GR,FR,3
IS,FR,4
IE,FR,0
IL,FR,1
IT,FR,0
LV,FR,0
LT,FR,1
MT,FR,1
MD,FR,0
NL,FR,0
NO,FR,8
PL,FR,0
PT,FR,2
RO,FR,3
SM,FR,0
RS,FR,1
SI,FR,3
ES,FR,0
SE,FR,2
CH,FR,0
UA,FR,0
GB,FR,0
WLD,FR,1
AL,ES,0
AM,ES,0
AU,ES,0
AT,ES,0
AZ,ES,0
BE,ES,0
HR,ES,0
CY,ES,0
CZ,ES,0
DK,ES,0
EE,ES,0
FI,ES,0
FR,ES,0
GE,ES,0
DE,ES,0
GR,ES,0
IS,ES,0
IE,ES,0
IL,ES,0
IT,ES,0
LV,ES,0
LT,ES,0
MT,ES,0
MD,ES,0
NL,ES,0
NO,ES,0
PL,ES,0
PT,ES,3
RO,ES,0
SM,ES,0
RS,ES,0
SI,ES,0
SE,ES,0
CH,ES,0
UA,ES,0
GB,ES,0
WLD,ES,2
AL,MD,0
AM,MD,0
AU,MD,0
AT,MD,0
AZ,MD,0
BE,MD,0
HR,MD,1
CY,MD,1
CZ,MD,5
DK,MD,1
EE,MD,0
FI,MD,3
FR,MD,8
GE,MD,3
DE,MD,0
GR,MD,0
IS,MD,0
IE,MD,4
IL,MD,5
IT,MD,12
LV,MD,0
LT,MD,2
MT,MD,0
NL,MD,0
NO,MD,0
PL,MD,0
PT,MD,8
RO,MD,12
SM,MD,3
RS,MD,0
SI,MD,0
ES,MD,1
SE,MD,0
CH,MD,0
UA,MD,6
GB,MD,1
WLD,MD,0
AL,PL,1
AM,PL,5
AU,PL,0
AT,PL,0
AZ,PL,0
BE,PL,4
HR,PL,0
CY,PL,2
CZ,PL,0
DK,PL,5
EE,PL,3
FI,PL,0
FR,PL,0
GE,PL,0
DE,PL,4
GR,PL,0
IS,PL,7
IE,PL,8
IL,PL,0
IT,PL,0
LV,PL,0
LT,PL,8
MT,PL,0
MD,PL,4
NL,PL,2
NO,PL,6
PT,PL,0
RO,PL,0
SM,PL,1
RS,PL,0
SI,PL,1
ES,PL,0
SE,PL,0
CH,PL,0
UA,PL,12
GB,PL,8
WLD,PL,0
AL,CH,0
AM,CH,2
AU,CH,0
AT,CH,2
AZ,CH,1
BE,CH,0
HR,CH,0
CY,CH,0
CZ,CH,0
DK,CH,4
EE,CH,4
FI,CH,1
FR,CH,0
GE,CH,0
DE,CH,3
GR,CH,0
IS,CH,0
IE,CH,0
IL,CH,0
IT,CH,1
LV,CH,0
LT,CH,0
MT,CH,0
MD,CH,0
NL,CH,0
NO,CH,5
PL,CH,0
PT,CH,0
RO,CH,0
SM,CH,0
RS,CH,0
SI,CH,0
ES,CH,0
SE,CH,8
UA,CH,0
GB,CH,0
WLD,CH,0
AL,SI,2
AM,SI,0
AU,SI,1
AT,SI,0
AZ,SI,5
BE,SI,0
HR,SI,12
CY,SI,0
CZ,SI,3
DK,SI,0
EE,SI,1
FI,SI,7
FR,SI,0
GE,SI,0
DE,SI,0
GR,SI,0
IS,SI,0
IE,SI,0
IL,SI,0
IT,SI,0
LV,SI,2
LT,SI,0
MT,SI,0
MD,SI,0
NL,SI,0
NO,SI,0
PL,SI,2
PT,SI,0
RO,SI,2
SM,SI,0
RS,SI,8
ES,SI,0
SE,SI,0
CH,SI,0
UA,SI,0
GB,SI,0
WLD,SI,0
AM,AL,0
AU,AL,0
AT,AL,3
AZ,AL,0
BE,AL,3
HR,AL,6
CY,AL,0
CZ,AL,0
DK,AL,0
EE,AL,0
FI,AL,0
FR,AL,0
GE,AL,0
DE,AL,8
GR,AL,4
IS,AL,0
IE,AL,0
IL,AL,0
IT,AL,7
LV,AL,0
LT,AL,0
MT,AL,3
MD,AL,0
NL,AL,0
NO,AL,0
PL,AL,0
PT,AL,0
RO,AL,0
SM,AL,0
RS,AL,0
SI,AL,7
ES,AL,0
SE,AL,0
CH,AL,12
UA,AL,0
GB,AL,0
WLD,AL,6
AL,PT,0
AM,PT,0
AU,PT,0
AT,PT,0
AZ,PT,0
BE,PT,0
HR,PT,0
CY,PT,0
CZ,PT,0
DK,PT,0
EE,PT,0
FI,PT,0
FR,PT,5
GE,PT,0
DE,PT,0
GR,PT,0
IS,PT,0
IE,PT,0
IL,PT,0
IT,PT,0
LV,PT,0
LT,PT,0
MT,PT,0
MD,PT,0
NL,PT,0
NO,PT,0
PL,PT,0
RO,PT,0
SM,PT,0
RS,PT,0
SI,PT,0
ES,PT,4
SE,PT,0
CH,PT,7
UA,PT,0
GB,PT,0
WLD,PT,0
AL,RS,0
AM,RS,0
AU,RS,0
AT,RS,0
AZ,RS,0
BE,RS,0
HR,RS,7
CY,RS,0
CZ,RS,0
DK,RS,0
EE,RS,0
FI,RS,0
FR,RS,0
GE,RS,0
DE,RS,0
GR,RS,0
IS,RS,0
IE,RS,0
IL,RS,0
IT,RS,0
LV,RS,0
LT,RS,0
MT,RS,2
MD,RS,0
NL,RS,0
NO,RS,0
PL,RS,0
PT,RS,0
RO,RS,0
SM,RS,0
SI,RS,6
ES,RS,0
SE,RS,0
CH,RS,1
UA,RS,0
GB,RS,0
WLD,RS,0
AL,GB,0
AM,GB,0
AU,GB,0
AT,GB,0
AZ,GB,0
BE,GB,0
HR,GB,0
CY,GB,0
CZ,GB,0
DK,GB,0
EE,GB,0
FI,GB,0
FR,GB,0
GE,GB,0
DE,GB,0
GR,GB,0
IS,GB,0
IE,GB,0
IL,GB,0
IT,GB,0
LV,GB,0
LT,GB,0
MT,GB,4
MD,GB,0
NL,GB,0
NO,GB,0
PL,GB,0
PT,GB,0
RO,GB,0
SM,GB,0
RS,GB,0
SI,GB,0
ES,GB,0
SE,GB,0
CH,GB,0
UA,GB,5
WLD,GB,0
AL,DE,0
AM,DE,0
AU,DE,0
AT,DE,6
AZ,DE,0
BE,DE,0
HR,DE,0
CY,DE,0
CZ,DE,0
DK,DE,0
EE,DE,0
FI,DE,5
FR,DE,0
GE,DE,0
GR,DE,0
IS,DE,0
IE,DE,0
IL,DE,0
IT,DE,0
LV,DE,0
LT,DE,0
MT,DE,0
MD,DE,0
NL,DE,0
NO,DE,0
PL,DE,0
PT,DE,0
RO,DE,0
SM,DE,0
RS,DE,0
SI,DE,0
ES,DE,0
SE,DE,0
CH,DE,4
UA,DE,0
GB,DE,0
WLD,DE,0
AL,CH,3
AM,CH,8
AU,CH,7
AT,CH,8
AZ,CH,10
BE,CH,6
HR,CH,1
CY,CH,6
CZ,CH,7
DK,CH,5
EE,CH,7
FI,CH,8
FR,CH,6
GE,CH,7
DE,CH,7
GR,CH,8
IS,CH,6
IE,CH,6
IL,CH,0
IT,CH,7
LV,CH,4
LT,CH,8
LU,CH,2
MT,CH,6
MD,CH,5
NL,CH,7
NO,CH,6
PL,CH,8
PT,CH,6
SM,CH,5
RS,CH,6
SI,CH,4
ES,CH,6
SE,CH,7
UA,CH,12
GB,CH,5
WLD,CH,6
AL,HR,12
AM,HR,7
AU,HR,10
AT,HR,12
AZ,HR,12
BE,HR,8
CY,HR,5
CZ,HR,8
DK,HR,12
EE,HR,10
FI,HR,10
FR,HR,7
GE,HR,5
DE,HR,10
GR,HR,6
IS,HR,12
IE,HR,12
IL,HR,5
IT,HR,8
LV,HR,5
LT,HR,10
LU,HR,10
MT,HR,10
MD,HR,7
NL,HR,10
NO,HR,12
PL,HR,10
PT,HR,7
SM,HR,8
RS,HR,12
SI,HR,12
ES,HR,8
SE,HR,10
CH,HR,10
UA,HR,10
GB,HR,7
WLD,HR,8
AL,UA,7
AM,UA,3
AU,UA,6
AT,UA,7
AZ,UA,8
BE,UA,7
HR,UA,8
CY,UA,8
CZ,UA,12
DK,UA,10
EE,UA,12
FI,UA,6
FR,UA,8
GE,UA,12
DE,UA,8
GR,UA,3
IS,UA,5
IE,UA,8
IL,UA,10
IT,UA,10
LV,UA,10
LT,UA,12
LU,UA,7
MT,UA,12
MD,UA,12
NL,UA,8
NO,UA,8
PL,UA,12
PT,UA,10
SM,UA,10
RS,UA,0
SI,UA,8
ES,UA,10
SE,UA,8
CH,UA,6
GB,UA,6
WLD,UA,10
AL,FR,6
AM,FR,12
AU,FR,2
AT,FR,6
AZ,FR,2
BE,FR,10
HR,FR,6
CY,FR,7
CZ,FR,4
DK,FR,7
EE,FR,5
FI,FR,4
GE,FR,6
DE,FR,6
GR,FR,10
IS,FR,10
IE,FR,4
IL,FR,2
IT,FR,6
LV,FR,6
LT,FR,7
LU,FR,8
MT,FR,7
MD,FR,6
NL,FR,5
NO,FR,7
PL,FR,7
PT,FR,8
SM,FR,6
RS,FR,10
SI,FR,7
ES,FR,5
SE,FR,6
CH,FR,7
UA,FR,6
GB,FR,2
WLD,FR,2
AL,IL,10
AM,IL,1
AU,IL,12
AT,IL,10
AZ,IL,7
BE,IL,12
HR,IL,0
CY,IL,10
CZ,IL,10
DK,IL,8
EE,IL,6
FI,IL,12
FR,IL,12
GE,IL,8
DE,IL,12
GR,IL,7
IS,IL,8
IE,IL,10
IT,IL,12
LV,IL,7
LT,IL,3
LU,IL,12
MT,IL,5
MD,IL,10
NL,IL,12
NO,IL,5
PL,IL,5
PT,IL,12
SM,IL,12
RS,IL,3
SI,IL,10
ES,IL,12
SE,IL,12
CH,IL,12
UA,IL,0
GB,IL,12
WLD,IL,12
AL,IE,0
AM,IE,2
AU,IE,8
AT,IE,2
AZ,IE,4
BE,IE,2
HR,IE,5
CY,IE,2
CZ,IE,6
DK,IE,3
EE,IE,2
FI,IE,5
FR,IE,0
GE,IE,4
DE,IE,1
GR,IE,2
IS,IE,3
IL,IE,0
IT,IE,3
LV,IE,3
LT,IE,5
LU,IE,0
MT,IE,4
MD,IE,2
NL,IE,6
NO,IE,4
PL,IE,6
PT,IE,5
SM,IE,2
RS,IE,7
SI,IE,2
ES,IE,7
SE,IE,4
CH,IE,0
UA,IE,8
GB,IE,10
WLD,IE,7
AL,IT,8
AM,IT,6
AU,IT,0
AT,IT,1
AZ,IT,3
BE,IT,3
HR,IT,7
CY,IT,3
CZ,IT,0
DK,IT,0
EE,IT,0
FI,IT,0
FR,IT,4
GE,IT,3
DE,IT,3
GR,IT,4
IS,IT,0
IE,IT,1
IL,IT,7
LV,IT,0
LT,IT,2
LU,IT,3
MT,IT,8
MD,IT,4
NL,IT,2
NO,IT,0
PL,IT,4
PT,IT,4
SM,IT,3
RS,IT,4
SI,IT,3
ES,IT,4
SE,IT,1
CH,IT,8
UA,IT,0
GB,IT,0
WLD,IT,1
AL,AM,1
AU,AM,1
AT,AM,3
AZ,AM,0
BE,AM,5
HR,AM,3
CY,AM,4
CZ,AM,5
DK,AM,0
EE,AM,0
FI,AM,0
FR,AM,10
GE,AM,10
DE,AM,4
GR,AM,5
IS,AM,0
IE,AM,0
IL,AM,6
IT,AM,4
LV,AM,2
LT,AM,0
LU,AM,0
MT,AM,0
MD,AM,1
NL,AM,3
NO,AM,0
PL,AM,0
PT,AM,2
SM,AM,0
RS,AM,1
SI,AM,0
ES,AM,3
SE,AM,2
CH,AM,1
UA,AM,1
GB,AM,0
WLD,AM,5
AL,SE,0
AM,SE,0
AU,SE,0
AT,SE,0
AZ,SE,0
BE,SE,0
HR,SE,2
CY,SE,1
CZ,SE,3
DK,SE,6
EE,SE,1
FI,SE,0
FR,SE,0
GE,SE,0
DE,SE,0
GR,SE,1
IS,SE,7
IE,SE,0
IL,SE,0
IT,SE,0
LV,SE,0
LT,SE,1
LU,SE,0
MT,SE,1
MD,SE,8
NL,SE,0
NO,SE,10
PL,SE,2
PT,SE,0
SM,SE,0
RS,SE,5
SI,SE,1
ES,SE,0
CH,SE,0
UA,SE,0
GB,SE,0
WLD,SE,0
AL,PT,0
AM,PT,0
AU,PT,0
AT,PT,0
AZ,PT,0
BE,PT,0
HR,PT,0
CY,PT,0
CZ,PT,0
DK,PT,0
EE,PT,0
FI,PT,0
FR,PT,5
GE,PT,0
DE,PT,0
GR,PT,0
IS,PT,0
IE,PT,0
IL,PT,0
IT,PT,0
LV,PT,0
LT,PT,0
LU,PT,6
MT,PT,0
MD,PT,0
NL,PT,0
NO,PT,0
PL,PT,0
SM,PT,0
RS,PT,0
SI,PT,0
ES,PT,0
SE,PT,0
CH,PT,2
UA,PT,0
GB,PT,0
WLD,PT,0
AL,GR,4
AM,GR,10
AU,GR,3
AT,GR,0
AZ,GR,1
BE,GR,4
HR,GR,0
CY,GR,12
CZ,GR,2
DK,GR,0
EE,GR,0
FI,GR,0
FR,GR,1
GE,GR,2
DE,GR,5
IS,GR,0
IE,GR,0
IL,GR,0
IT,GR,2
LV,GR,0
LT,GR,0
LU,GR,5
MT,GR,2
MD,GR,3
NL,GR,4
NO,GR,0
PL,GR,0
PT,GR,0
SM,GR,7
RS,GR,8
SI,GR,0
ES,GR,2
SE,GR,0
CH,GR,4
UA,GR,0
GB,GR,1
WLD,GR,3
AL,DE,0
AM,DE,0
AU,DE,0
AT,DE,4
AZ,DE,0
BE,DE,0
HR,DE,0
CY,DE,0
CZ,DE,0
DK,DE,0
EE,DE,0
FI,DE,0
FR,DE,0
GE,DE,0
GR,DE,0
IS,DE,2
IE,DE,0
IL,DE,8
IT,DE,0
LV,DE,0
LT,DE,0
LU,DE,1
MT,DE,0
MD,DE,0
NL,DE,0
NO,DE,0
PL,DE,0
PT,DE,0
SM,DE,0
RS,DE,0
SI,DE,0
ES,DE,0
SE,DE,0
CH,DE,3
UA,DE,0
GB,DE,0
WLD,DE,0
AL,LU,0
AM,LU,0
AU,LU,0
AT,LU,0
AZ,LU,0
BE,LU,1
HR,LU,0
CY,LU,0
CZ,LU,0
DK,LU,0
EE,LU,0
FI,LU,0
FR,LU,3
GE,LU,0
DE,LU,0
GR,LU,0
IS,LU,0
IE,LU,0
IL,LU,12
IT,LU,0
LV,LU,0
LT,LU,0
MT,LU,0
MD,LU,0
NL,LU,0
NO,LU,0
PL,LU,0
PT,LU,0
SM,LU,0
RS,LU,0
SI,LU,0
ES,LU,0
SE,LU,0
CH,LU,0
UA,LU,0
GB,LU,0
WLD,LU,4
AL,LT,0
AM,LT,0
AU,LT,0
AT,LT,0
AZ,LT,0
BE,LT,0
HR,LT,0
CY,LT,0
CZ,LT,1
DK,LT,1
EE,LT,4
FI,LT,0
FR,LT,0
GE,LT,0
DE,LT,2
GR,LT,0
IS,LT,4
IE,LT,7
IL,LT,0
IT,LT,0
LV,LT,8
LU,LT,4
MT,LT,0
MD,LT,0
NL,LT,1
NO,LT,3
PL,LT,3
PT,LT,0
SM,LT,1
RS,LT,0
SI,LT,0
ES,LT,1
SE,LT,3
CH,LT,0
UA,LT,7
GB,LT,8
WLD,LT,0
AL,CY,5
AM,CY,4
AU,CY,5
AT,CY,0
AZ,CY,6
BE,CY,0
HR,CY,0
CZ,CY,0
DK,CY,0
EE,CY,0
FI,CY,0
FR,CY,0
GE,CY,0
DE,CY,0
GR,CY,12
IS,CY,0
IE,CY,0
IL,CY,1
IT,CY,0
LV,CY,0
LT,CY,0
LU,CY,0
MT,CY,0
MD,CY,0
NL,CY,0
NO,CY,0
PL,CY,0
PT,CY,1
SM,CY,4
RS,CY,0
SI,CY,6
ES,CY,0
SE,CY,0
CH,CY,0
UA,CY,0
GB,CY,0
WLD,CY,0
AL,LV,0
AM,LV,0
AU,LV,0
AT,LV,0
AZ,LV,0
BE,LV,0
HR,LV,0
CY,LV,0
CZ,LV,0
DK,LV,4
EE,LV,3
FI,LV,0
FR,LV,0
GE,LV,1
DE,LV,0
GR,LV,0
IS,LV,0
IE,LV,5
IL,LV,0
IT,LV,0
LT,LV,4
LU,LV,0
MT,LV,0
MD,LV,0
NL,LV,0
NO,LV,2
PL,LV,0
PT,LV,0
SM,LV,0
RS,LV,0
SI,LV,0
ES,LV,0
SE,LV,0
CH,LV,0
UA,LV,5
GB,LV,4
WLD,LV,0
AL,RS,2
AM,RS,0
AU,RS,0
AT,RS,5
AZ,RS,0
BE,RS,0
HR,RS,12
CY,RS,0
CZ,RS,0
DK,RS,0
EE,RS,0
FI,RS,0
FR,RS,0
GE,RS,0
DE,RS,0
GR,RS,0
IS,RS,0
IE,RS,0
IL,RS,0
IT,RS,0
LV,RS,0
LT,RS,0
LU,RS,0
MT,RS,3
MD,RS,0
NL,RS,0
NO,RS,0
PL,RS,0
PT,RS,0
SM,RS,0
SI,RS,5
ES,RS,0
SE,RS,0
CH,RS,5
UA,RS,0
GB,RS,0
WLD,RS,0
AL,GB,0
AM,GB,0
AU,GB,0
AT,GB,0
AZ,GB,0
BE,GB,0
HR,GB,0
CY,GB,0
CZ,GB,0
DK,GB,0
EE,GB,0
FI,GB,0
FR,GB,0
GE,GB,0
DE,GB,0
GR,GB,0
IS,GB,0
IE,GB,0
IL,GB,0
IT,GB,0
LV,GB,0
LT,GB,0
LU,GB,0
MT,GB,0
MD,GB,0
NL,GB,0
NO,GB,0
PL,GB,0
PT,GB,0
SM,GB,0
RS,GB,0
SI,GB,0
ES,GB,0
SE,GB,0
CH,GB,0
UA,GB,0
WLD,GB,0
AL,FI,0
AM,FI,0
AU,FI,4
AT,FI,0
AZ,FI,0
BE,FI,0
HR,FI,0
CY,FI,0
CZ,FI,0
DK,FI,2
EE,FI,8
FR,FI,0
GE,FI,0
DE,FI,0
GR,FI,0
IS,FI,1
IE,FI,3
IL,FI,0
IT,FI,0
LV,FI,1
LT,FI,0
LU,FI,0
MT,FI,0
MD,FI,0
NL,FI,0
NO,FI,1
PL,FI,1
PT,FI,0
SM,FI,0
RS,FI,0
SI,FI,0
ES,FI,0
SE,FI,5
CH,FI,0
UA,FI,2
GB,FI,3
WLD,FI,0
AL,EE,0
AM,EE,0
AU,EE,0
AT,EE,0
AZ,EE,0
BE,EE,0
HR,EE,4
CY,EE,0
CZ,EE,0
DK,EE,0
FI,EE,7
FR,EE,0
GE,EE,0
DE,EE,0
GR,EE,0
IS,EE,0
IE,EE,0
IL,EE,0
IT,EE,0
LV,EE,12
LT,EE,6
LU,EE,0
MT,EE,0
MD,EE,0
NL,EE,0
NO,EE,0
PL,EE,0
PT,EE,0
SM,EE,0
RS,EE,0
SI,EE,0
ES,EE,0
SE,EE,0
CH,EE,0
UA,EE,4
GB,EE,0
WLD,EE,0
AL,GE,0
AM,GE,5
AU,GE,0
AT,GE,0
AZ,GE,5
BE,GE,0
HR,GE,0
CY,GE,0
CZ,GE,0
DK,GE,0
EE,GE,0
FI,GE,0
FR,GE,0
DE,GE,0
GR,GE,0
IS,GE,0
IE,GE,0
IL,GE,4
IT,GE,5
LV,GE,0
LT,GE,0
LU,GE,0
MT,GE,0
MD,GE,0
NL,GE,0
NO,GE,0
PL,GE,0
PT,GE,0
SM,GE,0
RS,GE,0
SI,GE,0
ES,GE,0
SE,GE,0
CH,GE,0
UA,GE,0
GB,GE,0
WLD,GE,0
AL,ES,0
AM,ES,0
AU,ES,0
AT,ES,0
AZ,ES,0
BE,ES,0
HR,ES,0
CY,ES,0
CZ,ES,0
DK,ES,0
EE,ES,0
FI,ES,3
FR,ES,2
GE,ES,0
DE,ES,0
GR,ES,0
IS,ES,0
IE,ES,2
IL,ES,0
IT,ES,1
LV,ES,0
LT,ES,0
LU,ES,0
MT,ES,0
MD,ES,0
NL,ES,0
NO,ES,0
PL,ES,0
PT,ES,3
SM,ES,0
RS,ES,0
SI,ES,0
SE,ES,0
CH,ES,0
UA,ES,0
GB,ES,0
WLD,ES,0
AL,SI,0
AM,SI,0
AU,SI,0
AT,SI,0
AZ,SI,0
BE,SI,0
HR,SI,10
CY,SI,0
CZ,SI,0
DK,SI,0
EE,SI,0
FI,SI,0
FR,SI,0
GE,SI,0
DE,SI,0
GR,SI,0
IS,SI,0
IE,SI,0
IL,SI,0
IT,SI,0
LV,SI,0
LT,SI,0
LU,SI,0
MT,SI,0
MD,SI,0
NL,SI,0
NO,SI,0
PL,SI,0
PT,SI,0
SM,SI,0
RS,SI,2
ES,SI,0
SE,SI,0
CH,SI,0
UA,SI,0
GB,SI,0
WLD,SI,0
AL,AT,0
AM,AT,0
AU,AT,0
AZ,AT,0
BE,AT,0
HR,AT,0
CY,AT,0
CZ,AT,0
DK,AT,0
EE,AT,0
FI,AT,2
FR,AT,0
GE,AT,0
DE,AT,0
GR,AT,0
IS,AT,0
IE,AT,0
IL,AT,3
IT,AT,0
LV,AT,0
LT,AT,0
LU,AT,0
MT,AT,0
MD,AT,0
NL,AT,0
NO,AT,0
PL,AT,0
PT,AT,0
SM,AT,0
RS,AT,0
SI,AT,0
ES,AT,0
SE,AT,0
CH,AT,0
UA,AT,0
GB,AT,0
WLD,AT,0
AL,NO,0
AM,NO,0
AU,NO,0
AT,NO,0
AZ,NO,0
BE,NO,0
HR,NO,0
CY,NO,0
CZ,NO,0
DK,NO,0
EE,NO,0
FI,NO,1
FR,NO,0
GE,NO,0
DE,NO,0
GR,NO,0
IS,NO,0
IE,NO,0
IL,NO,0
IT,NO,0
LV,NO,0
LT,NO,0
LU,NO,0
MT,NO,0
MD,NO,0
NL,NO,0
PL,NO,0
PT,NO,0
SM,NO,0
RS,NO,0
SI,NO,0
ES,NO,0
SE,NO,0
CH,NO,0
UA,NO,3
GB,NO,0
WLD,NO,0
